PLA_CODE;SMP_DB_REAL;SMP_DE_REAL;SMP_D_ANALYSIS;POL_CODE;MEA_CODE;MEA_PHYSICAL_UNIT;MEA_VALUE;MEA_F_STATUS;JOB_TYPE;
"HBX03";"2026/01/05 00:00";"2026/02/02 00:00";"2026/02/26";"PM";"PM";"g/m2*jour";"1.49288011024405E-02";"A";"DATA_VALIDATE_TECH";
"HBX03";"2026/01/05 00:00";"2026/02/02 00:00";"2026/02/26";"As";"PM@As";"ug/m2*jour";"0.689021589343133";"A";"DATA_VALIDATE_TECH";
"HBX03";"2026/01/05 00:00";"2026/02/02 00:00";"2026/02/26";"Cd";"PM@Cd";"ug/m2*jour";"0.430638493339458";"A";"DATA_VALIDATE_TECH";
"HBX03";"2026/01/05 00:00";"2026/02/02 00:00";"2026/02/26";"Cr";"PM@Cr";"ug/m2*jour";"13.4933394579697";"A";"DATA_VALIDATE_TECH";
"HBX03";"2026/01/05 00:00";"2026/02/02 00:00";"2026/02/26";"Ni";"PM@Ni";"ug/m2*jour";"3.15801561782269";"A";"DATA_VALIDATE_TECH";
"HBX03";"2026/01/05 00:00";"2026/02/02 00:00";"2026/02/26";"Pb";"PM@Pb";"ug/m2*jour";"4.01929260450161";"A";"DATA_VALIDATE_TECH";
"HBX03";"2026/01/05 00:00";"2026/02/02 00:00";"2026/02/26";"Zn";"PM@Zn";"ug/m2*jour";"154.742765273312";"A";"DATA_VALIDATE_TECH";
"HBX03";"2026/02/02 00:00";"2026/03/04 00:00";"2026/03/23";"PM";"PM";"g/m2*jour";"4.28992497320319E-02";"A";"DATA_VALIDATE_TECH";
"HBX03";"2026/02/02 00:00";"2026/03/04 00:00";"2026/03/23";"As";"PM@As";"ug/m2*jour";"0.509110396570204";"A";"DATA_VALIDATE_TECH";
"HBX03";"2026/02/02 00:00";"2026/03/04 00:00";"2026/03/23";"Cd";"PM@Cd";"ug/m2*jour";"6.43086816720257E-02";"A";"DATA_VALIDATE_TECH";
"HBX03";"2026/02/02 00:00";"2026/03/04 00:00";"2026/03/23";"Cr";"PM@Cr";"ug/m2*jour";"11.5219721329046";"A";"DATA_VALIDATE_TECH";
"HBX03";"2026/02/02 00:00";"2026/03/04 00:00";"2026/03/23";"Ni";"PM@Ni";"ug/m2*jour";"3.21543408360129";"A";"DATA_VALIDATE_TECH";
"HBX03";"2026/02/02 00:00";"2026/03/04 00:00";"2026/03/23";"Pb";"PM@Pb";"ug/m2*jour";"2.27759914255091";"A";"DATA_VALIDATE_TECH";
"HBX03";"2026/02/02 00:00";"2026/03/04 00:00";"2026/03/23";"Zn";"PM@Zn";"ug/m2*jour";"61.6291532690246";"A";"DATA_VALIDATE_TECH";
"HBX03";"2026/03/04 00:00";"2026/04/02 00:00";"2026/04/30";"PM";"PM";"g/m2*jour";"9.38574121299596E-02";"A";"DATA_VALIDATE_TECH";
"HBX03";"2026/03/04 00:00";"2026/04/02 00:00";"2026/04/30";"As";"PM@As";"ug/m2*jour";"0.942454817607274";"A";"DATA_VALIDATE_TECH";
"HBX03";"2026/03/04 00:00";"2026/04/02 00:00";"2026/04/30";"Cd";"PM@Cd";"ug/m2*jour";"0.582104446169198";"A";"DATA_VALIDATE_TECH";
"HBX03";"2026/03/04 00:00";"2026/04/02 00:00";"2026/04/30";"Cr";"PM@Cr";"ug/m2*jour";"10.5333185497283";"A";"DATA_VALIDATE_TECH";
"HBX03";"2026/03/04 00:00";"2026/04/02 00:00";"2026/04/30";"Ni";"PM@Ni";"ug/m2*jour";"2.21754074731123";"A";"DATA_VALIDATE_TECH";
"HBX03";"2026/03/04 00:00";"2026/04/02 00:00";"2026/04/30";"Pb";"PM@Pb";"ug/m2*jour";"6.09823705510589";"A";"DATA_VALIDATE_TECH";
"HBX03";"2026/03/04 00:00";"2026/04/02 00:00";"2026/04/30";"Zn";"PM@Zn";"ug/m2*jour";"85.3753187714824";"A";"DATA_VALIDATE_TECH";
"HBX03";"2026/04/02 00:00";"2026/05/04 00:00";"2026/05/20";"PM";"PM";"g/m2*jour";"0.115429059485543";"A";"DATA_VALIDATE_TECH";
"HBX03";"2026/04/02 00:00";"2026/05/04 00:00";"2026/05/20";"As";"PM@As";"ug/m2*jour";"2.08500803858521";"A";"DATA_VALIDATE_TECH";
"HBX03";"2026/04/02 00:00";"2026/05/04 00:00";"2026/05/20";"Cd";"PM@Cd";"ug/m2*jour";"0.351688102893891";"A";"DATA_VALIDATE_TECH";
"HBX03";"2026/04/02 00:00";"2026/05/04 00:00";"2026/05/20";"Cr";"PM@Cr";"ug/m2*jour";"33.661575562701";"A";"DATA_VALIDATE_TECH";
"HBX03";"2026/04/02 00:00";"2026/05/04 00:00";"2026/05/20";"Ni";"PM@Ni";"ug/m2*jour";"4.77290996784566";"A";"DATA_VALIDATE_TECH";
"HBX03";"2026/04/02 00:00";"2026/05/04 00:00";"2026/05/20";"Pb";"PM@Pb";"ug/m2*jour";"11.5554662379421";"A";"DATA_VALIDATE_TECH";
"HBX03";"2026/04/02 00:00";"2026/05/04 00:00";"2026/05/20";"Zn";"PM@Zn";"ug/m2*jour";"111.032958199357";"A";"DATA_VALIDATE_TECH";
"HBX03";"2026/05/04 00:00";"2026/06/05 00:00";"2026/06/29";"PM";"PM";"g/m2*jour";"6.73231511253878E-02";"A";"DATA_VALIDATE_TECH";
"HBX03";"2026/05/04 00:00";"2026/06/05 00:00";"2026/06/29";"As";"PM@As";"ug/m2*jour";"6.53135048231511";"A";"DATA_VALIDATE_TECH";
"HBX03";"2026/05/04 00:00";"2026/06/05 00:00";"2026/06/29";"Cd";"PM@Cd";"ug/m2*jour";"5.52652733118971";"A";"DATA_VALIDATE_TECH";
"HBX03";"2026/05/04 00:00";"2026/06/05 00:00";"2026/06/29";"Cr";"PM@Cr";"ug/m2*jour";"27.1302250803859";"A";"DATA_VALIDATE_TECH";
"HBX03";"2026/05/04 00:00";"2026/06/05 00:00";"2026/06/29";"Ni";"PM@Ni";"ug/m2*jour";"9.29461414790997";"A";"DATA_VALIDATE_TECH";
"HBX03";"2026/05/04 00:00";"2026/06/05 00:00";"2026/06/29";"Pb";"PM@Pb";"ug/m2*jour";"11.8066720257235";"A";"DATA_VALIDATE_TECH";
"HBX03";"2026/05/04 00:00";"2026/06/05 00:00";"2026/06/29";"Zn";"PM@Zn";"ug/m2*jour";"55.0140675241157";"A";"DATA_VALIDATE_TECH";
"HBX04";"2026/01/05 00:00";"2026/02/02 00:00";"2026/02/26";"PM";"PM";"g/m2*jour";"2.26802939825633E-02";"A";"DATA_VALIDATE_TECH";
"HBX04";"2026/01/05 00:00";"2026/02/02 00:00";"2026/02/26";"As";"PM@As";"ug/m2*jour";"0.631603123564538";"A";"DATA_VALIDATE_TECH";
"HBX04";"2026/01/05 00:00";"2026/02/02 00:00";"2026/02/26";"Cd";"PM@Cd";"ug/m2*jour";"8.32567753789619E-02";"A";"DATA_VALIDATE_TECH";
"HBX04";"2026/01/05 00:00";"2026/02/02 00:00";"2026/02/26";"Cr";"PM@Cr";"ug/m2*jour";"11.1966008268259";"A";"DATA_VALIDATE_TECH";
"HBX04";"2026/01/05 00:00";"2026/02/02 00:00";"2026/02/26";"Ni";"PM@Ni";"ug/m2*jour";"2.64124942581534";"A";"DATA_VALIDATE_TECH";
"HBX04";"2026/01/05 00:00";"2026/02/02 00:00";"2026/02/26";"Pb";"PM@Pb";"ug/m2*jour";"3.73220027560864";"A";"DATA_VALIDATE_TECH";
"HBX04";"2026/01/05 00:00";"2026/02/02 00:00";"2026/02/26";"Zn";"PM@Zn";"ug/m2*jour";"63.1603123564538";"A";"DATA_VALIDATE_TECH";
"HBX04";"2026/02/02 00:00";"2026/03/04 00:00";"2026/03/23";"PM";"PM";"g/m2*jour";"4.43997856377319E-02";"A";"DATA_VALIDATE_TECH";
"HBX04";"2026/02/02 00:00";"2026/03/04 00:00";"2026/03/23";"As";"PM@As";"ug/m2*jour";"0.428724544480171";"A";"DATA_VALIDATE_TECH";
"HBX04";"2026/02/02 00:00";"2026/03/04 00:00";"2026/03/23";"Cd";"PM@Cd";"ug/m2*jour";"0.07502679528403";"A";"DATA_VALIDATE_TECH";
"HBX04";"2026/02/02 00:00";"2026/03/04 00:00";"2026/03/23";"Cr";"PM@Cr";"ug/m2*jour";"14.2015005359057";"A";"DATA_VALIDATE_TECH";
"HBX04";"2026/02/02 00:00";"2026/03/04 00:00";"2026/03/23";"Ni";"PM@Ni";"ug/m2*jour";"3.7513397642015";"A";"DATA_VALIDATE_TECH";
"HBX04";"2026/02/02 00:00";"2026/03/04 00:00";"2026/03/23";"Pb";"PM@Pb";"ug/m2*jour";"2.94748124330118";"A";"DATA_VALIDATE_TECH";
"HBX04";"2026/02/02 00:00";"2026/03/04 00:00";"2026/03/23";"Zn";"PM@Zn";"ug/m2*jour";"167.202572347267";"A";"DATA_VALIDATE_TECH";
"HBX04";"2026/03/04 00:00";"2026/04/02 00:00";"2026/04/30";"PM";"PM";"g/m2*jour";"6.45304357467561E-02";"A";"DATA_VALIDATE_TECH";
"HBX04";"2026/03/04 00:00";"2026/04/02 00:00";"2026/04/30";"As";"PM@As";"ug/m2*jour";"0.997893336290054";"A";"DATA_VALIDATE_TECH";
"HBX04";"2026/03/04 00:00";"2026/04/02 00:00";"2026/04/30";"Cd";"PM@Cd";"ug/m2*jour";"0.415788890120856";"A";"DATA_VALIDATE_TECH";
"HBX04";"2026/03/04 00:00";"2026/04/02 00:00";"2026/04/30";"Cr";"PM@Cr";"ug/m2*jour";"21.6210222862845";"A";"DATA_VALIDATE_TECH";
"HBX04";"2026/03/04 00:00";"2026/04/02 00:00";"2026/04/30";"Ni";"PM@Ni";"ug/m2*jour";"3.04911852755294";"A";"DATA_VALIDATE_TECH";
"HBX04";"2026/03/04 00:00";"2026/04/02 00:00";"2026/04/30";"Pb";"PM@Pb";"ug/m2*jour";"6.65262224193369";"A";"DATA_VALIDATE_TECH";
"HBX04";"2026/03/04 00:00";"2026/04/02 00:00";"2026/04/30";"Zn";"PM@Zn";"ug/m2*jour";"116.975274420667";"A";"DATA_VALIDATE_TECH";
"HBX04";"2026/04/02 00:00";"2026/05/04 00:00";"2026/05/20";"PM";"PM";"g/m2*jour";"9.30968649517603E-02";"A";"DATA_VALIDATE_TECH";
"HBX04";"2026/04/02 00:00";"2026/05/04 00:00";"2026/05/20";"As";"PM@As";"ug/m2*jour";"0.954581993569132";"A";"DATA_VALIDATE_TECH";
"HBX04";"2026/04/02 00:00";"2026/05/04 00:00";"2026/05/20";"Cd";"PM@Cd";"ug/m2*jour";"0.351688102893891";"A";"DATA_VALIDATE_TECH";
"HBX04";"2026/04/02 00:00";"2026/05/04 00:00";"2026/05/20";"Cr";"PM@Cr";"ug/m2*jour";"25.120578778135";"A";"DATA_VALIDATE_TECH";
"HBX04";"2026/04/02 00:00";"2026/05/04 00:00";"2026/05/20";"Ni";"PM@Ni";"ug/m2*jour";"3.01446945337621";"A";"DATA_VALIDATE_TECH";
"HBX04";"2026/04/02 00:00";"2026/05/04 00:00";"2026/05/20";"Pb";"PM@Pb";"ug/m2*jour";"11.3042604501608";"A";"DATA_VALIDATE_TECH";
"HBX04";"2026/04/02 00:00";"2026/05/04 00:00";"2026/05/20";"Zn";"PM@Zn";"ug/m2*jour";"81.8930868167203";"A";"DATA_VALIDATE_TECH";
"HBX04";"2026/05/04 00:00";"2026/06/05 00:00";"2026/06/29";"PM";"PM";"g/m2*jour";"6.23743971061308E-02";"A";"DATA_VALIDATE_TECH";
"HBX04";"2026/05/04 00:00";"2026/06/05 00:00";"2026/06/29";"As";"PM@As";"ug/m2*jour";"1.45699356913183";"A";"DATA_VALIDATE_TECH";
"HBX04";"2026/05/04 00:00";"2026/06/05 00:00";"2026/06/29";"Cd";"PM@Cd";"ug/m2*jour";"0.602893890675241";"A";"DATA_VALIDATE_TECH";
"HBX04";"2026/05/04 00:00";"2026/06/05 00:00";"2026/06/29";"Cr";"PM@Cr";"ug/m2*jour";"31.9031350482315";"A";"DATA_VALIDATE_TECH";
"HBX04";"2026/05/04 00:00";"2026/06/05 00:00";"2026/06/29";"Ni";"PM@Ni";"ug/m2*jour";"4.27049839228296";"A";"DATA_VALIDATE_TECH";
"HBX04";"2026/05/04 00:00";"2026/06/05 00:00";"2026/06/29";"Pb";"PM@Pb";"ug/m2*jour";"7.78737942122186";"A";"DATA_VALIDATE_TECH";
"HBX04";"2026/05/04 00:00";"2026/06/05 00:00";"2026/06/29";"Zn";"PM@Zn";"ug/m2*jour";"71.5936495176849";"A";"DATA_VALIDATE_TECH";
"HBX04A";"2026/01/05 00:00";"2026/02/02 00:00";"2026/02/26";"PM";"PM";"g/m2*jour";"1.37804317868305E-02";"A";"DATA_VALIDATE_TECH";
"HBX04A";"2026/01/05 00:00";"2026/02/02 00:00";"2026/02/26";"As";"PM@As";"ug/m2*jour";"0.51676619200735";"A";"DATA_VALIDATE_TECH";
"HBX04A";"2026/01/05 00:00";"2026/02/02 00:00";"2026/02/26";"Cd";"PM@Cd";"ug/m2*jour";"0.137804317868627";"A";"DATA_VALIDATE_TECH";
"HBX04A";"2026/01/05 00:00";"2026/02/02 00:00";"2026/02/26";"Cr";"PM@Cr";"ug/m2*jour";"13.4933394579697";"A";"DATA_VALIDATE_TECH";
"HBX04A";"2026/01/05 00:00";"2026/02/02 00:00";"2026/02/26";"Ni";"PM@Ni";"ug/m2*jour";"5.45475424896647";"A";"DATA_VALIDATE_TECH";
"HBX04A";"2026/01/05 00:00";"2026/02/02 00:00";"2026/02/26";"Pb";"PM@Pb";"ug/m2*jour";"5.1676619200735";"A";"DATA_VALIDATE_TECH";
"HBX04A";"2026/01/05 00:00";"2026/02/02 00:00";"2026/02/26";"Zn";"PM@Zn";"ug/m2*jour";"126.320624712908";"A";"DATA_VALIDATE_TECH";
"HBX04A";"2026/02/02 00:00";"2026/03/04 00:00";"2026/03/23";"PM";"PM";"g/m2*jour";"4.25241157556069E-02";"A";"DATA_VALIDATE_TECH";
"HBX04A";"2026/02/02 00:00";"2026/03/04 00:00";"2026/03/23";"As";"PM@As";"ug/m2*jour";"0.616291532690246";"A";"DATA_VALIDATE_TECH";
"HBX04A";"2026/02/02 00:00";"2026/03/04 00:00";"2026/03/23";"Cd";"PM@Cd";"ug/m2*jour";"9.11039657020364E-02";"A";"DATA_VALIDATE_TECH";
"HBX04A";"2026/02/02 00:00";"2026/03/04 00:00";"2026/03/23";"Cr";"PM@Cr";"ug/m2*jour";"31.3504823151125";"A";"DATA_VALIDATE_TECH";
"HBX04A";"2026/02/02 00:00";"2026/03/04 00:00";"2026/03/23";"Ni";"PM@Ni";"ug/m2*jour";"4.82315112540193";"A";"DATA_VALIDATE_TECH";
"HBX04A";"2026/02/02 00:00";"2026/03/04 00:00";"2026/03/23";"Pb";"PM@Pb";"ug/m2*jour";"3.48338692390139";"A";"DATA_VALIDATE_TECH";
"HBX04A";"2026/02/02 00:00";"2026/03/04 00:00";"2026/03/23";"Zn";"PM@Zn";"ug/m2*jour";"72.0793140407288";"A";"DATA_VALIDATE_TECH";
"HBX04A";"2026/03/04 00:00";"2026/04/02 00:00";"2026/04/30";"PM";"PM";"g/m2*jour";"6.48076283401792E-02";"A";"DATA_VALIDATE_TECH";
"HBX04A";"2026/03/04 00:00";"2026/04/02 00:00";"2026/04/30";"As";"PM@As";"ug/m2*jour";"0.776139261558931";"A";"DATA_VALIDATE_TECH";
"HBX04A";"2026/03/04 00:00";"2026/04/02 00:00";"2026/04/30";"Cd";"PM@Cd";"ug/m2*jour";"0.224526000665262";"A";"DATA_VALIDATE_TECH";
"HBX04A";"2026/03/04 00:00";"2026/04/02 00:00";"2026/04/30";"Cr";"PM@Cr";"ug/m2*jour";"44.9052001330524";"A";"DATA_VALIDATE_TECH";
"HBX04A";"2026/03/04 00:00";"2026/04/02 00:00";"2026/04/30";"Ni";"PM@Ni";"ug/m2*jour";"5.26665927486417";"A";"DATA_VALIDATE_TECH";
"HBX04A";"2026/03/04 00:00";"2026/04/02 00:00";"2026/04/30";"Pb";"PM@Pb";"ug/m2*jour";"5.82104446169198";"A";"DATA_VALIDATE_TECH";
"HBX04A";"2026/03/04 00:00";"2026/04/02 00:00";"2026/04/30";"Zn";"PM@Zn";"ug/m2*jour";"78.7226965295487";"A";"DATA_VALIDATE_TECH";
"HBX04A";"2026/04/02 00:00";"2026/05/04 00:00";"2026/05/20";"PM";"PM";"g/m2*jour";"8.99567926044963E-02";"A";"DATA_VALIDATE_TECH";
"HBX04A";"2026/04/02 00:00";"2026/05/04 00:00";"2026/05/20";"As";"PM@As";"ug/m2*jour";"1.0048231511254";"A";"DATA_VALIDATE_TECH";
"HBX04A";"2026/04/02 00:00";"2026/05/04 00:00";"2026/05/20";"Cd";"PM@Cd";"ug/m2*jour";"0.198452572347267";"A";"DATA_VALIDATE_TECH";
"HBX04A";"2026/04/02 00:00";"2026/05/04 00:00";"2026/05/20";"Cr";"PM@Cr";"ug/m2*jour";"44.2122186495177";"A";"DATA_VALIDATE_TECH";
"HBX04A";"2026/04/02 00:00";"2026/05/04 00:00";"2026/05/20";"Ni";"PM@Ni";"ug/m2*jour";"5.02411575562701";"A";"DATA_VALIDATE_TECH";
"HBX04A";"2026/04/02 00:00";"2026/05/04 00:00";"2026/05/20";"Pb";"PM@Pb";"ug/m2*jour";"10.2994372990354";"A";"DATA_VALIDATE_TECH";
"HBX04A";"2026/04/02 00:00";"2026/05/04 00:00";"2026/05/20";"Zn";"PM@Zn";"ug/m2*jour";"200.211012861736";"A";"DATA_VALIDATE_TECH";
"HBX04A";"2026/05/04 00:00";"2026/06/05 00:00";"2026/06/29";"PM";"PM";"g/m2*jour";"4.50411977492134E-02";"A";"DATA_VALIDATE_TECH";
"HBX04A";"2026/05/04 00:00";"2026/06/05 00:00";"2026/06/29";"As";"PM@As";"ug/m2*jour";"0.979702572347267";"A";"DATA_VALIDATE_TECH";
"HBX04A";"2026/05/04 00:00";"2026/06/05 00:00";"2026/06/29";"Cd";"PM@Cd";"ug/m2*jour";"0.276326366559486";"A";"DATA_VALIDATE_TECH";
"HBX04A";"2026/05/04 00:00";"2026/06/05 00:00";"2026/06/29";"Cr";"PM@Cr";"ug/m2*jour";"32.1543408360129";"A";"DATA_VALIDATE_TECH";
"HBX04A";"2026/05/04 00:00";"2026/06/05 00:00";"2026/06/29";"Ni";"PM@Ni";"ug/m2*jour";"4.52170418006431";"A";"DATA_VALIDATE_TECH";
"HBX04A";"2026/05/04 00:00";"2026/06/05 00:00";"2026/06/29";"Pb";"PM@Pb";"ug/m2*jour";"5.02411575562701";"A";"DATA_VALIDATE_TECH";
"HBX04A";"2026/05/04 00:00";"2026/06/05 00:00";"2026/06/29";"Zn";"PM@Zn";"ug/m2*jour";"83.149115755627";"A";"DATA_VALIDATE_TECH";
"HBX04C";"2026/01/05 00:00";"2026/02/02 00:00";"2026/02/26";"PM";"PM";"g/m2*jour";"0.105649977032612";"A";"DATA_VALIDATE_TECH";
"HBX04C";"2026/01/05 00:00";"2026/02/02 00:00";"2026/02/26";"As";"PM@As";"ug/m2*jour";"0.976113918236105";"A";"DATA_VALIDATE_TECH";
"HBX04C";"2026/01/05 00:00";"2026/02/02 00:00";"2026/02/26";"Cd";"PM@Cd";"ug/m2*jour";"0.155029857602205";"A";"DATA_VALIDATE_TECH";
"HBX04C";"2026/01/05 00:00";"2026/02/02 00:00";"2026/02/26";"Cr";"PM@Cr";"ug/m2*jour";"24.1157556270096";"A";"DATA_VALIDATE_TECH";
"HBX04C";"2026/01/05 00:00";"2026/02/02 00:00";"2026/02/26";"Ni";"PM@Ni";"ug/m2*jour";"8.03858520900321";"A";"DATA_VALIDATE_TECH";
"HBX04C";"2026/01/05 00:00";"2026/02/02 00:00";"2026/02/26";"Pb";"PM@Pb";"ug/m2*jour";"6.60312356453835";"A";"DATA_VALIDATE_TECH";
"HBX04C";"2026/02/02 00:00";"2026/03/04 00:00";"2026/03/23";"PM";"PM";"g/m2*jour";"6.03429796355844E-02";"A";"DATA_VALIDATE_TECH";
"HBX04C";"2026/02/02 00:00";"2026/03/04 00:00";"2026/03/23";"As";"PM@As";"ug/m2*jour";"0.616291532690246";"A";"DATA_VALIDATE_TECH";
"HBX04C";"2026/02/02 00:00";"2026/03/04 00:00";"2026/03/23";"Cd";"PM@Cd";"ug/m2*jour";"9.11039657020364E-02";"A";"DATA_VALIDATE_TECH";
"HBX04C";"2026/02/02 00:00";"2026/03/04 00:00";"2026/03/23";"Cr";"PM@Cr";"ug/m2*jour";"108.520900321543";"A";"DATA_VALIDATE_TECH";
"HBX04C";"2026/02/02 00:00";"2026/03/04 00:00";"2026/03/23";"Ni";"PM@Ni";"ug/m2*jour";"9.11039657020364";"A";"DATA_VALIDATE_TECH";
"HBX04C";"2026/02/02 00:00";"2026/03/04 00:00";"2026/03/23";"Pb";"PM@Pb";"ug/m2*jour";"3.48338692390139";"A";"DATA_VALIDATE_TECH";
"HBX04C";"2026/02/02 00:00";"2026/03/04 00:00";"2026/03/23";"Zn";"PM@Zn";"ug/m2*jour";"92.9796355841372";"A";"DATA_VALIDATE_TECH";
"HBX04C";"2026/05/04 00:00";"2026/06/05 00:00";"2026/06/29";"PM";"PM";"g/m2*jour";"5.60188906751731E-02";"A";"DATA_VALIDATE_TECH";
"HBX04C";"2026/05/04 00:00";"2026/06/05 00:00";"2026/06/29";"As";"PM@As";"ug/m2*jour";"3.51688102893891";"A";"DATA_VALIDATE_TECH";
"HBX04C";"2026/05/04 00:00";"2026/06/05 00:00";"2026/06/29";"Cd";"PM@Cd";"ug/m2*jour";"2.76326366559486";"A";"DATA_VALIDATE_TECH";
"HBX04C";"2026/05/04 00:00";"2026/06/05 00:00";"2026/06/29";"Cr";"PM@Cr";"ug/m2*jour";"51.2459807073955";"A";"DATA_VALIDATE_TECH";
"HBX04C";"2026/05/04 00:00";"2026/06/05 00:00";"2026/06/29";"Ni";"PM@Ni";"ug/m2*jour";"7.28496784565916";"A";"DATA_VALIDATE_TECH";
"HBX04C";"2026/05/04 00:00";"2026/06/05 00:00";"2026/06/29";"Pb";"PM@Pb";"ug/m2*jour";"12.0578778135048";"A";"DATA_VALIDATE_TECH";
"HBX04C";"2026/05/04 00:00";"2026/06/05 00:00";"2026/06/29";"Zn";"PM@Zn";"ug/m2*jour";"90.1828778135048";"A";"DATA_VALIDATE_TECH";
"HBX07A";"2026/01/05 00:00";"2026/02/02 00:00";"2026/02/26";"PM";"PM";"g/m2*jour";"6.02893890674856E-02";"A";"DATA_VALIDATE_TECH";
"HBX07A";"2026/01/05 00:00";"2026/02/02 00:00";"2026/02/26";"As";"PM@As";"ug/m2*jour";"0.545475424896647";"A";"DATA_VALIDATE_TECH";
"HBX07A";"2026/01/05 00:00";"2026/02/02 00:00";"2026/02/26";"Cd";"PM@Cd";"ug/m2*jour";"7.46440055121727E-02";"A";"DATA_VALIDATE_TECH";
"HBX07A";"2026/01/05 00:00";"2026/02/02 00:00";"2026/02/26";"Cr";"PM@Cr";"ug/m2*jour";"13.7804317868627";"A";"DATA_VALIDATE_TECH";
"HBX07A";"2026/01/05 00:00";"2026/02/02 00:00";"2026/02/26";"Ni";"PM@Ni";"ug/m2*jour";"2.69866789159394";"A";"DATA_VALIDATE_TECH";
"HBX07A";"2026/01/05 00:00";"2026/02/02 00:00";"2026/02/26";"Pb";"PM@Pb";"ug/m2*jour";"3.15801561782269";"A";"DATA_VALIDATE_TECH";
"HBX07A";"2026/01/05 00:00";"2026/02/02 00:00";"2026/02/26";"Zn";"PM@Zn";"ug/m2*jour";"55.9830041341295";"A";"DATA_VALIDATE_TECH";
"HBX07A";"2026/02/02 00:00";"2026/03/04 00:00";"2026/03/23";"PM";"PM";"g/m2*jour";"3.59860664523033E-02";"A";"DATA_VALIDATE_TECH";
"HBX07A";"2026/02/02 00:00";"2026/03/04 00:00";"2026/03/23";"As";"PM@As";"ug/m2*jour";"0.401929260450161";"A";"DATA_VALIDATE_TECH";
"HBX07A";"2026/02/02 00:00";"2026/03/04 00:00";"2026/03/23";"Cd";"PM@Cd";"ug/m2*jour";"7.23472668810289E-02";"A";"DATA_VALIDATE_TECH";
"HBX07A";"2026/02/02 00:00";"2026/03/04 00:00";"2026/03/23";"Cr";"PM@Cr";"ug/m2*jour";"12.593783494105";"A";"DATA_VALIDATE_TECH";
"HBX07A";"2026/02/02 00:00";"2026/03/04 00:00";"2026/03/23";"Ni";"PM@Ni";"ug/m2*jour";"3.21543408360129";"A";"DATA_VALIDATE_TECH";
"HBX07A";"2026/02/02 00:00";"2026/03/04 00:00";"2026/03/23";"Pb";"PM@Pb";"ug/m2*jour";"2.03644158628081";"A";"DATA_VALIDATE_TECH";
"HBX07A";"2026/02/02 00:00";"2026/03/04 00:00";"2026/03/23";"Zn";"PM@Zn";"ug/m2*jour";"48.7674169346195";"A";"DATA_VALIDATE_TECH";
"HBX07A";"2026/03/04 00:00";"2026/04/02 00:00";"2026/04/30";"PM";"PM";"g/m2*jour";"7.10999002106238E-02";"A";"DATA_VALIDATE_TECH";
"HBX07A";"2026/03/04 00:00";"2026/04/02 00:00";"2026/04/30";"As";"PM@As";"ug/m2*jour";"0.665262224193369";"A";"DATA_VALIDATE_TECH";
"HBX07A";"2026/03/04 00:00";"2026/04/02 00:00";"2026/04/30";"Cd";"PM@Cd";"ug/m2*jour";"0.252245260006653";"A";"DATA_VALIDATE_TECH";
"HBX07A";"2026/03/04 00:00";"2026/04/02 00:00";"2026/04/30";"Cr";"PM@Cr";"ug/m2*jour";"23.006985253354";"A";"DATA_VALIDATE_TECH";
"HBX07A";"2026/03/04 00:00";"2026/04/02 00:00";"2026/04/30";"Ni";"PM@Ni";"ug/m2*jour";"2.18982148796984";"A";"DATA_VALIDATE_TECH";
"HBX07A";"2026/03/04 00:00";"2026/04/02 00:00";"2026/04/30";"Pb";"PM@Pb";"ug/m2*jour";"5.82104446169198";"A";"DATA_VALIDATE_TECH";
"HBX07A";"2026/03/04 00:00";"2026/04/02 00:00";"2026/04/30";"Zn";"PM@Zn";"ug/m2*jour";"74.2876150349263";"A";"DATA_VALIDATE_TECH";
"HBX07A";"2026/04/02 00:00";"2026/05/04 00:00";"2026/05/20";"PM";"PM";"g/m2*jour";"8.27471864951678E-02";"A";"DATA_VALIDATE_TECH";
"HBX07A";"2026/04/02 00:00";"2026/05/04 00:00";"2026/05/20";"As";"PM@As";"ug/m2*jour";"0.678255627009646";"A";"DATA_VALIDATE_TECH";
"HBX07A";"2026/04/02 00:00";"2026/05/04 00:00";"2026/05/20";"Cd";"PM@Cd";"ug/m2*jour";"0.110530546623794";"A";"DATA_VALIDATE_TECH";
"HBX07A";"2026/04/02 00:00";"2026/05/04 00:00";"2026/05/20";"Cr";"PM@Cr";"ug/m2*jour";"27.1302250803859";"A";"DATA_VALIDATE_TECH";
"HBX07A";"2026/04/02 00:00";"2026/05/04 00:00";"2026/05/20";"Ni";"PM@Ni";"ug/m2*jour";"2.41157556270096";"A";"DATA_VALIDATE_TECH";
"HBX07A";"2026/04/02 00:00";"2026/05/04 00:00";"2026/05/20";"Pb";"PM@Pb";"ug/m2*jour";"6.28014469453376";"A";"DATA_VALIDATE_TECH";
"HBX07A";"2026/04/02 00:00";"2026/05/04 00:00";"2026/05/20";"Zn";"PM@Zn";"ug/m2*jour";"79.6322347266881";"A";"DATA_VALIDATE_TECH";
"HBX07A";"2026/05/04 00:00";"2026/06/05 00:00";"2026/06/29";"PM";"PM";"g/m2*jour";"7.38042604500976E-02";"A";"DATA_VALIDATE_TECH";
"HBX07A";"2026/05/04 00:00";"2026/06/05 00:00";"2026/06/29";"As";"PM@As";"ug/m2*jour";"1.18066720257235";"A";"DATA_VALIDATE_TECH";
"HBX07A";"2026/05/04 00:00";"2026/06/05 00:00";"2026/06/29";"Cd";"PM@Cd";"ug/m2*jour";"0.477290996784566";"A";"DATA_VALIDATE_TECH";
"HBX07A";"2026/05/04 00:00";"2026/06/05 00:00";"2026/06/29";"Cr";"PM@Cr";"ug/m2*jour";"25.8741961414791";"A";"DATA_VALIDATE_TECH";
"HBX07A";"2026/05/04 00:00";"2026/06/05 00:00";"2026/06/29";"Ni";"PM@Ni";"ug/m2*jour";"4.01929260450161";"A";"DATA_VALIDATE_TECH";
"HBX07A";"2026/05/04 00:00";"2026/06/05 00:00";"2026/06/29";"Pb";"PM@Pb";"ug/m2*jour";"4.27049839228296";"A";"DATA_VALIDATE_TECH";
"HBX07A";"2026/05/04 00:00";"2026/06/05 00:00";"2026/06/29";"Zn";"PM@Zn";"ug/m2*jour";"67.3231511254019";"A";"DATA_VALIDATE_TECH";
"HBX09A";"2026/01/05 00:00";"2026/02/02 00:00";"2026/02/26";"PM";"PM";"g/m2*jour";"3.81832797428089E-02";"A";"DATA_VALIDATE_TECH";
"HBX09A";"2026/01/05 00:00";"2026/02/02 00:00";"2026/02/26";"As";"PM@As";"ug/m2*jour";"0.401929260450161";"A";"DATA_VALIDATE_TECH";
"HBX09A";"2026/01/05 00:00";"2026/02/02 00:00";"2026/02/26";"Cd";"PM@Cd";"ug/m2*jour";"0.134933394579697";"A";"DATA_VALIDATE_TECH";
"HBX09A";"2026/01/05 00:00";"2026/02/02 00:00";"2026/02/26";"Cr";"PM@Cr";"ug/m2*jour";"8.32567753789619";"A";"DATA_VALIDATE_TECH";
"HBX09A";"2026/01/05 00:00";"2026/02/02 00:00";"2026/02/26";"Ni";"PM@Ni";"ug/m2*jour";"3.73220027560864";"A";"DATA_VALIDATE_TECH";
"HBX09A";"2026/01/05 00:00";"2026/02/02 00:00";"2026/02/26";"Pb";"PM@Pb";"ug/m2*jour";"7.75149288011024";"A";"DATA_VALIDATE_TECH";
"HBX09A";"2026/01/05 00:00";"2026/02/02 00:00";"2026/02/26";"Zn";"PM@Zn";"ug/m2*jour";"105.649977032614";"A";"DATA_VALIDATE_TECH";
"HBX09A";"2026/02/02 00:00";"2026/03/04 00:00";"2026/03/23";"PM";"PM";"g/m2*jour";"5.72347266881066E-02";"A";"DATA_VALIDATE_TECH";
"HBX09A";"2026/02/02 00:00";"2026/03/04 00:00";"2026/03/23";"As";"PM@As";"ug/m2*jour";"0.643086816720257";"A";"DATA_VALIDATE_TECH";
"HBX09A";"2026/02/02 00:00";"2026/03/04 00:00";"2026/03/23";"Cd";"PM@Cd";"ug/m2*jour";"9.91425509110396E-02";"A";"DATA_VALIDATE_TECH";
"HBX09A";"2026/02/02 00:00";"2026/03/04 00:00";"2026/03/23";"Cr";"PM@Cr";"ug/m2*jour";"16.0771704180064";"A";"DATA_VALIDATE_TECH";
"HBX09A";"2026/02/02 00:00";"2026/03/04 00:00";"2026/03/23";"Ni";"PM@Ni";"ug/m2*jour";"4.28724544480171";"A";"DATA_VALIDATE_TECH";
"HBX09A";"2026/02/02 00:00";"2026/03/04 00:00";"2026/03/23";"Pb";"PM@Pb";"ug/m2*jour";"7.77063236870311";"A";"DATA_VALIDATE_TECH";
"HBX09A";"2026/02/02 00:00";"2026/03/04 00:00";"2026/03/23";"Zn";"PM@Zn";"ug/m2*jour";"90.5680600214362";"A";"DATA_VALIDATE_TECH";
"HBX09A";"2026/03/04 00:00";"2026/04/02 00:00";"2026/04/30";"PM";"PM";"g/m2*jour";"7.52577891118916E-02";"A";"DATA_VALIDATE_TECH";
"HBX09A";"2026/03/04 00:00";"2026/04/02 00:00";"2026/04/30";"As";"PM@As";"ug/m2*jour";"0.887016298924493";"A";"DATA_VALIDATE_TECH";
"HBX09A";"2026/03/04 00:00";"2026/04/02 00:00";"2026/04/30";"Cd";"PM@Cd";"ug/m2*jour";"0.304911852755294";"A";"DATA_VALIDATE_TECH";
"HBX09A";"2026/03/04 00:00";"2026/04/02 00:00";"2026/04/30";"Cr";"PM@Cr";"ug/m2*jour";"23.5613704401818";"A";"DATA_VALIDATE_TECH";
"HBX09A";"2026/03/04 00:00";"2026/04/02 00:00";"2026/04/30";"Ni";"PM@Ni";"ug/m2*jour";"4.98946668145027";"A";"DATA_VALIDATE_TECH";
"HBX09A";"2026/03/04 00:00";"2026/04/02 00:00";"2026/04/30";"Pb";"PM@Pb";"ug/m2*jour";"9.70174076948664";"A";"DATA_VALIDATE_TECH";
"HBX09A";"2026/03/04 00:00";"2026/04/02 00:00";"2026/04/30";"Zn";"PM@Zn";"ug/m2*jour";"149.684000443508";"A";"DATA_VALIDATE_TECH";
"HBX09A";"2026/04/02 00:00";"2026/05/04 00:00";"2026/05/20";"PM";"PM";"g/m2*jour";"8.43297829582286E-02";"A";"DATA_VALIDATE_TECH";
"HBX09A";"2026/04/02 00:00";"2026/05/04 00:00";"2026/05/20";"As";"PM@As";"ug/m2*jour";"1.10530546623794";"A";"DATA_VALIDATE_TECH";
"HBX09A";"2026/04/02 00:00";"2026/05/04 00:00";"2026/05/20";"Cd";"PM@Cd";"ug/m2*jour";"0.628014469453376";"A";"DATA_VALIDATE_TECH";
"HBX09A";"2026/04/02 00:00";"2026/05/04 00:00";"2026/05/20";"Cr";"PM@Cr";"ug/m2*jour";"28.637459807074";"A";"DATA_VALIDATE_TECH";
"HBX09A";"2026/04/02 00:00";"2026/05/04 00:00";"2026/05/20";"Ni";"PM@Ni";"ug/m2*jour";"3.76808681672026";"A";"DATA_VALIDATE_TECH";
"HBX09A";"2026/04/02 00:00";"2026/05/04 00:00";"2026/05/20";"Pb";"PM@Pb";"ug/m2*jour";"9.54581993569132";"A";"DATA_VALIDATE_TECH";
"HBX09A";"2026/04/02 00:00";"2026/05/04 00:00";"2026/05/20";"Zn";"PM@Zn";"ug/m2*jour";"105.255225080386";"A";"DATA_VALIDATE_TECH";
"HBX09A";"2026/05/04 00:00";"2026/06/05 00:00";"2026/06/29";"PM";"PM";"g/m2*jour";"5.02160369775097E-02";"A";"DATA_VALIDATE_TECH";
"HBX09A";"2026/05/04 00:00";"2026/06/05 00:00";"2026/06/29";"As";"PM@As";"ug/m2*jour";"0.778737942122186";"A";"DATA_VALIDATE_TECH";
"HBX09A";"2026/05/04 00:00";"2026/06/05 00:00";"2026/06/29";"Cd";"PM@Cd";"ug/m2*jour";"0.140675241157556";"A";"DATA_VALIDATE_TECH";
"HBX09A";"2026/05/04 00:00";"2026/06/05 00:00";"2026/06/29";"Cr";"PM@Cr";"ug/m2*jour";"22.6085209003215";"A";"DATA_VALIDATE_TECH";
"HBX09A";"2026/05/04 00:00";"2026/06/05 00:00";"2026/06/29";"Ni";"PM@Ni";"ug/m2*jour";"5.02411575562701";"A";"DATA_VALIDATE_TECH";
"HBX09A";"2026/05/04 00:00";"2026/06/05 00:00";"2026/06/29";"Pb";"PM@Pb";"ug/m2*jour";"6.02893890675241";"A";"DATA_VALIDATE_TECH";
"HBX09A";"2026/05/04 00:00";"2026/06/05 00:00";"2026/06/29";"Zn";"PM@Zn";"ug/m2*jour";"77.1201768488746";"A";"DATA_VALIDATE_TECH";
"HDF101";"2026/02/04 00:00";"2026/03/05 00:00";"2026/03/23";"PM";"PM";"g/m2*jour";"4.11076616032915E-02";"A";"DATA_VALIDATE_TECH";
"HDF101";"2026/02/04 00:00";"2026/03/05 00:00";"2026/03/23";"As";"PM@As";"ug/m2*jour";"0.304911852755294";"A";"DATA_VALIDATE_TECH";
"HDF101";"2026/02/04 00:00";"2026/03/05 00:00";"2026/03/23";"Cd";"PM@Cd";"ug/m2*jour";"7.76139261558931E-02";"A";"DATA_VALIDATE_TECH";
"HDF101";"2026/02/04 00:00";"2026/03/05 00:00";"2026/03/23";"Cr";"PM@Cr";"ug/m2*jour";"63.1999112983701";"A";"DATA_VALIDATE_TECH";
"HDF101";"2026/02/04 00:00";"2026/03/05 00:00";"2026/03/23";"Ni";"PM@Ni";"ug/m2*jour";"3.04911852755294";"A";"DATA_VALIDATE_TECH";
"HDF101";"2026/02/04 00:00";"2026/03/05 00:00";"2026/03/23";"Pb";"PM@Pb";"ug/m2*jour";"5.26665927486417";"A";"DATA_VALIDATE_TECH";
"HDF101";"2026/02/04 00:00";"2026/03/05 00:00";"2026/03/23";"Zn";"PM@Zn";"ug/m2*jour";"62.9227187049562";"A";"DATA_VALIDATE_TECH";
"HDF101";"2026/03/05 00:00";"2026/04/02 00:00";"2026/04/30";"PM";"PM";"g/m2*jour";"6.14951768488924E-02";"A";"DATA_VALIDATE_TECH";
"HDF101";"2026/03/05 00:00";"2026/04/02 00:00";"2026/04/30";"As";"PM@As";"ug/m2*jour";"0.430638493339458";"A";"DATA_VALIDATE_TECH";
"HDF101";"2026/03/05 00:00";"2026/04/02 00:00";"2026/04/30";"Cd";"PM@Cd";"ug/m2*jour";"0.132062471290767";"A";"DATA_VALIDATE_TECH";
"HDF101";"2026/03/05 00:00";"2026/04/02 00:00";"2026/04/30";"Cr";"PM@Cr";"ug/m2*jour";"44.7864033073036";"A";"DATA_VALIDATE_TECH";
"HDF101";"2026/03/05 00:00";"2026/04/02 00:00";"2026/04/30";"Ni";"PM@Ni";"ug/m2*jour";"3.44510794671566";"A";"DATA_VALIDATE_TECH";
"HDF101";"2026/03/05 00:00";"2026/04/02 00:00";"2026/04/30";"Pb";"PM@Pb";"ug/m2*jour";"8.32567753789619";"A";"DATA_VALIDATE_TECH";
"HDF101";"2026/03/05 00:00";"2026/04/02 00:00";"2026/04/30";"Zn";"PM@Zn";"ug/m2*jour";"72.3472668810289";"A";"DATA_VALIDATE_TECH";
"HDF101";"2026/05/04 00:00";"2026/06/05 00:00";"2026/06/29";"PM";"PM";"g/m2*jour";"5.64459405144655E-02";"A";"DATA_VALIDATE_TECH";
"HDF101";"2026/05/04 00:00";"2026/06/05 00:00";"2026/06/29";"As";"PM@As";"ug/m2*jour";"0.427049839228296";"A";"DATA_VALIDATE_TECH";
"HDF101";"2026/05/04 00:00";"2026/06/05 00:00";"2026/06/29";"Cd";"PM@Cd";"ug/m2*jour";"7.78737942122186E-02";"A";"DATA_VALIDATE_TECH";
"HDF101";"2026/05/04 00:00";"2026/06/05 00:00";"2026/06/29";"Cr";"PM@Cr";"ug/m2*jour";"44.463424437299";"A";"DATA_VALIDATE_TECH";
"HDF101";"2026/05/04 00:00";"2026/06/05 00:00";"2026/06/29";"Ni";"PM@Ni";"ug/m2*jour";"1.75844051446945";"A";"DATA_VALIDATE_TECH";
"HDF101";"2026/05/04 00:00";"2026/06/05 00:00";"2026/06/29";"Pb";"PM@Pb";"ug/m2*jour";"9.29461414790997";"A";"DATA_VALIDATE_TECH";
"HDF101";"2026/05/04 00:00";"2026/06/05 00:00";"2026/06/29";"Zn";"PM@Zn";"ug/m2*jour";"70.5888263665595";"A";"DATA_VALIDATE_TECH";
"HDF102";"2026/02/04 00:00";"2026/03/05 00:00";"2026/03/23";"PM";"PM";"g/m2*jour";"3.52311786229029E-02";"A";"DATA_VALIDATE_TECH";
"HDF102";"2026/02/04 00:00";"2026/03/05 00:00";"2026/03/23";"As";"PM@As";"ug/m2*jour";"0.304911852755294";"A";"DATA_VALIDATE_TECH";
"HDF102";"2026/02/04 00:00";"2026/03/05 00:00";"2026/03/23";"Cd";"PM@Cd";"ug/m2*jour";"0.072070074287615";"A";"DATA_VALIDATE_TECH";
"HDF102";"2026/02/04 00:00";"2026/03/05 00:00";"2026/03/23";"Cr";"PM@Cr";"ug/m2*jour";"58.2104446169198";"A";"DATA_VALIDATE_TECH";
"HDF102";"2026/02/04 00:00";"2026/03/05 00:00";"2026/03/23";"Ni";"PM@Ni";"ug/m2*jour";"1.7463133385076";"A";"DATA_VALIDATE_TECH";
"HDF102";"2026/02/04 00:00";"2026/03/05 00:00";"2026/03/23";"Pb";"PM@Pb";"ug/m2*jour";"3.88069630779466";"A";"DATA_VALIDATE_TECH";
"HDF102";"2026/02/04 00:00";"2026/03/05 00:00";"2026/03/23";"Zn";"PM@Zn";"ug/m2*jour";"87.8700521122076";"A";"DATA_VALIDATE_TECH";
"HDF102";"2026/03/05 00:00";"2026/04/02 00:00";"2026/04/30";"PM";"PM";"g/m2*jour";"0.050671796049619";"A";"DATA_VALIDATE_TECH";
"HDF102";"2026/03/05 00:00";"2026/04/02 00:00";"2026/04/30";"As";"PM@As";"ug/m2*jour";"0.344510794671566";"A";"DATA_VALIDATE_TECH";
"HDF102";"2026/03/05 00:00";"2026/04/02 00:00";"2026/04/30";"Cd";"PM@Cd";"ug/m2*jour";"0.132062471290767";"A";"DATA_VALIDATE_TECH";
"HDF102";"2026/03/05 00:00";"2026/04/02 00:00";"2026/04/30";"Cr";"PM@Cr";"ug/m2*jour";"78.6632981166743";"A";"DATA_VALIDATE_TECH";
"HDF102";"2026/03/05 00:00";"2026/04/02 00:00";"2026/04/30";"Ni";"PM@Ni";"ug/m2*jour";"3.15801561782269";"A";"DATA_VALIDATE_TECH";
"HDF102";"2026/03/05 00:00";"2026/04/02 00:00";"2026/04/30";"Pb";"PM@Pb";"ug/m2*jour";"6.02893890675241";"A";"DATA_VALIDATE_TECH";
"HDF102";"2026/03/05 00:00";"2026/04/02 00:00";"2026/04/30";"Zn";"PM@Zn";"ug/m2*jour";"83.8309600367478";"A";"DATA_VALIDATE_TECH";
"HDF102";"2026/05/04 00:00";"2026/06/05 00:00";"2026/06/29";"PM";"PM";"g/m2*jour";"6.95840032154236E-02";"A";"DATA_VALIDATE_TECH";
"HDF102";"2026/05/04 00:00";"2026/06/05 00:00";"2026/06/29";"As";"PM@As";"ug/m2*jour";"0.477290996784566";"A";"DATA_VALIDATE_TECH";
"HDF102";"2026/05/04 00:00";"2026/06/05 00:00";"2026/06/29";"Cd";"PM@Cd";"ug/m2*jour";"0.10048231511254";"A";"DATA_VALIDATE_TECH";
"HDF102";"2026/05/04 00:00";"2026/06/05 00:00";"2026/06/29";"Cr";"PM@Cr";"ug/m2*jour";"66.8207395498392";"A";"DATA_VALIDATE_TECH";
"HDF102";"2026/05/04 00:00";"2026/06/05 00:00";"2026/06/29";"Ni";"PM@Ni";"ug/m2*jour";"2.76326366559486";"A";"DATA_VALIDATE_TECH";
"HDF102";"2026/05/04 00:00";"2026/06/05 00:00";"2026/06/29";"Pb";"PM@Pb";"ug/m2*jour";"7.28496784565916";"A";"DATA_VALIDATE_TECH";
"HDF102";"2026/05/04 00:00";"2026/06/05 00:00";"2026/06/29";"Zn";"PM@Zn";"ug/m2*jour";"80.8882636655948";"A";"DATA_VALIDATE_TECH";
"HDF13";"2026/01/05 00:00";"2026/02/04 00:00";"2026/02/26";"PM";"PM";"g/m2*jour";"4.04608788852885E-02";"A";"DATA_VALIDATE_TECH";
"HDF13";"2026/01/05 00:00";"2026/02/04 00:00";"2026/02/26";"As";"PM@As";"ug/m2*jour";"0.401929260450161";"A";"DATA_VALIDATE_TECH";
"HDF13";"2026/01/05 00:00";"2026/02/04 00:00";"2026/02/26";"Cd";"PM@Cd";"ug/m2*jour";"0.192926045016077";"A";"DATA_VALIDATE_TECH";
"HDF13";"2026/01/05 00:00";"2026/02/04 00:00";"2026/02/26";"Cr";"PM@Cr";"ug/m2*jour";"84.1371918542336";"A";"DATA_VALIDATE_TECH";
"HDF13";"2026/01/05 00:00";"2026/02/04 00:00";"2026/02/26";"Ni";"PM@Ni";"ug/m2*jour";"2.94748124330118";"A";"DATA_VALIDATE_TECH";
"HDF13";"2026/01/05 00:00";"2026/02/04 00:00";"2026/02/26";"Pb";"PM@Pb";"ug/m2*jour";"6.96677384780279";"A";"DATA_VALIDATE_TECH";
"HDF13";"2026/01/05 00:00";"2026/02/04 00:00";"2026/02/26";"Zn";"PM@Zn";"ug/m2*jour";"120.846730975348";"A";"DATA_VALIDATE_TECH";
"HDF13";"2026/02/04 00:00";"2026/03/05 00:00";"2026/03/23";"PM";"PM";"g/m2*jour";"0.047483091251826";"A";"DATA_VALIDATE_TECH";
"HDF13";"2026/02/04 00:00";"2026/03/05 00:00";"2026/03/23";"As";"PM@As";"ug/m2*jour";"0.332631112096685";"A";"DATA_VALIDATE_TECH";
"HDF13";"2026/02/04 00:00";"2026/03/05 00:00";"2026/03/23";"Cd";"PM@Cd";"ug/m2*jour";"9.70174076948664E-02";"A";"DATA_VALIDATE_TECH";
"HDF13";"2026/02/04 00:00";"2026/03/05 00:00";"2026/03/23";"Cr";"PM@Cr";"ug/m2*jour";"59.5964075839894";"A";"DATA_VALIDATE_TECH";
"HDF13";"2026/02/04 00:00";"2026/03/05 00:00";"2026/03/23";"Ni";"PM@Ni";"ug/m2*jour";"1.96806741323872";"A";"DATA_VALIDATE_TECH";
"HDF13";"2026/02/04 00:00";"2026/03/05 00:00";"2026/03/23";"Pb";"PM@Pb";"ug/m2*jour";"6.37542964851979";"A";"DATA_VALIDATE_TECH";
"HDF13";"2026/02/04 00:00";"2026/03/05 00:00";"2026/03/23";"Zn";"PM@Zn";"ug/m2*jour";"53.4981705288835";"A";"DATA_VALIDATE_TECH";
"HDF13";"2026/03/05 00:00";"2026/04/02 00:00";"2026/04/30";"PM";"PM";"g/m2*jour";"5.91697289848556E-02";"A";"DATA_VALIDATE_TECH";
"HDF13";"2026/03/05 00:00";"2026/04/02 00:00";"2026/04/30";"As";"PM@As";"ug/m2*jour";"0.631603123564538";"A";"DATA_VALIDATE_TECH";
"HDF13";"2026/03/05 00:00";"2026/04/02 00:00";"2026/04/30";"Cd";"PM@Cd";"ug/m2*jour";"0.275608635737253";"A";"DATA_VALIDATE_TECH";
"HDF13";"2026/03/05 00:00";"2026/04/02 00:00";"2026/04/30";"Cr";"PM@Cr";"ug/m2*jour";"96.1759301791456";"A";"DATA_VALIDATE_TECH";
"HDF13";"2026/03/05 00:00";"2026/04/02 00:00";"2026/04/30";"Ni";"PM@Ni";"ug/m2*jour";"3.44510794671566";"A";"DATA_VALIDATE_TECH";
"HDF13";"2026/03/05 00:00";"2026/04/02 00:00";"2026/04/30";"Pb";"PM@Pb";"ug/m2*jour";"8.32567753789619";"A";"DATA_VALIDATE_TECH";
"HDF13";"2026/03/05 00:00";"2026/04/02 00:00";"2026/04/30";"Zn";"PM@Zn";"ug/m2*jour";"97.3242994947175";"A";"DATA_VALIDATE_TECH";
"HDF13";"2026/04/02 00:00";"2026/05/04 00:00";"2026/05/20";"PM";"PM";"g/m2*jour";"7.77984324759109E-02";"A";"DATA_VALIDATE_TECH";
"HDF13";"2026/04/02 00:00";"2026/05/04 00:00";"2026/05/20";"As";"PM@As";"ug/m2*jour";"0.577773311897106";"A";"DATA_VALIDATE_TECH";
"HDF13";"2026/04/02 00:00";"2026/05/04 00:00";"2026/05/20";"Cd";"PM@Cd";"ug/m2*jour";"0.102994372990354";"A";"DATA_VALIDATE_TECH";
"HDF13";"2026/04/02 00:00";"2026/05/04 00:00";"2026/05/20";"Cr";"PM@Cr";"ug/m2*jour";"111.284163987138";"A";"DATA_VALIDATE_TECH";
"HDF13";"2026/04/02 00:00";"2026/05/04 00:00";"2026/05/20";"Ni";"PM@Ni";"ug/m2*jour";"2.76326366559486";"A";"DATA_VALIDATE_TECH";
"HDF13";"2026/04/02 00:00";"2026/05/04 00:00";"2026/05/20";"Pb";"PM@Pb";"ug/m2*jour";"13.5651125401929";"A";"DATA_VALIDATE_TECH";
"HDF13";"2026/04/02 00:00";"2026/05/04 00:00";"2026/05/20";"Zn";"PM@Zn";"ug/m2*jour";"100.231109324759";"A";"DATA_VALIDATE_TECH";
"HDF13";"2026/05/04 00:00";"2026/06/05 00:00";"2026/06/29";"PM";"PM";"g/m2*jour";"7.05888263665467E-02";"A";"DATA_VALIDATE_TECH";
"HDF13";"2026/05/04 00:00";"2026/06/05 00:00";"2026/06/29";"As";"PM@As";"ug/m2*jour";"0.803858520900322";"A";"DATA_VALIDATE_TECH";
"HDF13";"2026/05/04 00:00";"2026/06/05 00:00";"2026/06/29";"Cd";"PM@Cd";"ug/m2*jour";"0.25120578778135";"A";"DATA_VALIDATE_TECH";
"HDF13";"2026/05/04 00:00";"2026/06/05 00:00";"2026/06/29";"Cr";"PM@Cr";"ug/m2*jour";"89.6804662379421";"A";"DATA_VALIDATE_TECH";
"HDF13";"2026/05/04 00:00";"2026/06/05 00:00";"2026/06/29";"Ni";"PM@Ni";"ug/m2*jour";"3.51688102893891";"A";"DATA_VALIDATE_TECH";
"HDF13";"2026/05/04 00:00";"2026/06/05 00:00";"2026/06/29";"Pb";"PM@Pb";"ug/m2*jour";"17.8356109324759";"A";"DATA_VALIDATE_TECH";
"HDF13";"2026/05/04 00:00";"2026/06/05 00:00";"2026/06/29";"Zn";"PM@Zn";"ug/m2*jour";"102.743167202572";"A";"DATA_VALIDATE_TECH";
"HDF14";"2026/01/05 00:00";"2026/02/04 00:00";"2026/02/26";"PM";"PM";"g/m2*jour";"2.84030010718404E-02";"A";"DATA_VALIDATE_TECH";
"HDF14";"2026/01/05 00:00";"2026/02/04 00:00";"2026/02/26";"As";"PM@As";"ug/m2*jour";"0.267952840300107";"A";"DATA_VALIDATE_TECH";
"HDF14";"2026/01/05 00:00";"2026/02/04 00:00";"2026/02/26";"Cd";"PM@Cd";"ug/m2*jour";"6.96677384780279E-02";"A";"DATA_VALIDATE_TECH";
"HDF14";"2026/01/05 00:00";"2026/02/04 00:00";"2026/02/26";"Cr";"PM@Cr";"ug/m2*jour";"24.3837084673098";"A";"DATA_VALIDATE_TECH";
"HDF14";"2026/01/05 00:00";"2026/02/04 00:00";"2026/02/26";"Ni";"PM@Ni";"ug/m2*jour";"2.59914255091104";"A";"DATA_VALIDATE_TECH";
"HDF14";"2026/01/05 00:00";"2026/02/04 00:00";"2026/02/26";"Pb";"PM@Pb";"ug/m2*jour";"5.35905680600214";"A";"DATA_VALIDATE_TECH";
"HDF14";"2026/01/05 00:00";"2026/02/04 00:00";"2026/02/26";"Zn";"PM@Zn";"ug/m2*jour";"88.1564844587352";"A";"DATA_VALIDATE_TECH";
"HDF14";"2026/02/04 00:00";"2026/03/05 00:00";"2026/03/23";"PM";"PM";"g/m2*jour";"0.112401596629367";"A";"DATA_VALIDATE_TECH";
"HDF14";"2026/02/04 00:00";"2026/03/05 00:00";"2026/03/23";"As";"PM@As";"ug/m2*jour";"0.609823705510589";"A";"DATA_VALIDATE_TECH";
"HDF14";"2026/02/04 00:00";"2026/03/05 00:00";"2026/03/23";"Cd";"PM@Cd";"ug/m2*jour";"0.169087481982481";"A";"DATA_VALIDATE_TECH";
"HDF14";"2026/02/04 00:00";"2026/03/05 00:00";"2026/03/23";"Cr";"PM@Cr";"ug/m2*jour";"155.227852311786";"A";"DATA_VALIDATE_TECH";
"HDF14";"2026/02/04 00:00";"2026/03/05 00:00";"2026/03/23";"Ni";"PM@Ni";"ug/m2*jour";"3.60350371438075";"A";"DATA_VALIDATE_TECH";
"HDF14";"2026/02/04 00:00";"2026/03/05 00:00";"2026/03/23";"Pb";"PM@Pb";"ug/m2*jour";"21.3438296928706";"A";"DATA_VALIDATE_TECH";
"HDF14";"2026/02/04 00:00";"2026/03/05 00:00";"2026/03/23";"Zn";"PM@Zn";"ug/m2*jour";"149.961193036922";"A";"DATA_VALIDATE_TECH";
"HDF14";"2026/03/05 00:00";"2026/04/02 00:00";"2026/04/30";"PM";"PM";"g/m2*jour";"0.122157785943935";"A";"DATA_VALIDATE_TECH";
"HDF14";"2026/03/05 00:00";"2026/04/02 00:00";"2026/04/30";"As";"PM@As";"ug/m2*jour";"0.947404685346808";"A";"DATA_VALIDATE_TECH";
"HDF14";"2026/03/05 00:00";"2026/04/02 00:00";"2026/04/30";"Cd";"PM@Cd";"ug/m2*jour";"0.344510794671566";"A";"DATA_VALIDATE_TECH";
"HDF14";"2026/03/05 00:00";"2026/04/02 00:00";"2026/04/30";"Cr";"PM@Cr";"ug/m2*jour";"108.807992650436";"A";"DATA_VALIDATE_TECH";
"HDF14";"2026/03/05 00:00";"2026/04/02 00:00";"2026/04/30";"Ni";"PM@Ni";"ug/m2*jour";"4.01929260450161";"A";"DATA_VALIDATE_TECH";
"HDF14";"2026/03/05 00:00";"2026/04/02 00:00";"2026/04/30";"Pb";"PM@Pb";"ug/m2*jour";"51.389526871842";"A";"DATA_VALIDATE_TECH";
"HDF14";"2026/03/05 00:00";"2026/04/02 00:00";"2026/04/30";"Zn";"PM@Zn";"ug/m2*jour";"174.83922829582";"A";"DATA_VALIDATE_TECH";
"HDF14";"2026/04/02 00:00";"2026/05/04 00:00";"2026/05/20";"PM";"PM";"g/m2*jour";"0.134972869774924";"A";"DATA_VALIDATE_TECH";
"HDF14";"2026/04/02 00:00";"2026/05/04 00:00";"2026/05/20";"As";"PM@As";"ug/m2*jour";"0.979702572347267";"A";"DATA_VALIDATE_TECH";
"HDF14";"2026/04/02 00:00";"2026/05/04 00:00";"2026/05/20";"Cd";"PM@Cd";"ug/m2*jour";"0.218549035369775";"A";"DATA_VALIDATE_TECH";
"HDF14";"2026/04/02 00:00";"2026/05/04 00:00";"2026/05/20";"Cr";"PM@Cr";"ug/m2*jour";"98.7238745980707";"A";"DATA_VALIDATE_TECH";
"HDF14";"2026/04/02 00:00";"2026/05/04 00:00";"2026/05/20";"Ni";"PM@Ni";"ug/m2*jour";"4.77290996784566";"A";"DATA_VALIDATE_TECH";
"HDF14";"2026/04/02 00:00";"2026/05/04 00:00";"2026/05/20";"Pb";"PM@Pb";"ug/m2*jour";"35.9224276527331";"A";"DATA_VALIDATE_TECH";
"HDF14";"2026/04/02 00:00";"2026/05/04 00:00";"2026/05/20";"Zn";"PM@Zn";"ug/m2*jour";"179.360932475884";"A";"DATA_VALIDATE_TECH";
"HDF14";"2026/05/04 00:00";"2026/06/05 00:00";"2026/06/29";"PM";"PM";"g/m2*jour";"0.136153536977514";"A";"DATA_VALIDATE_TECH";
"HDF14";"2026/05/04 00:00";"2026/06/05 00:00";"2026/06/29";"As";"PM@As";"ug/m2*jour";"1.33139067524116";"A";"DATA_VALIDATE_TECH";
"HDF14";"2026/05/04 00:00";"2026/06/05 00:00";"2026/06/29";"Cd";"PM@Cd";"ug/m2*jour";"0.376808681672026";"A";"DATA_VALIDATE_TECH";
"HDF14";"2026/05/04 00:00";"2026/06/05 00:00";"2026/06/29";"Cr";"PM@Cr";"ug/m2*jour";"136.153536977492";"A";"DATA_VALIDATE_TECH";
"HDF14";"2026/05/04 00:00";"2026/06/05 00:00";"2026/06/29";"Ni";"PM@Ni";"ug/m2*jour";"6.02893890675241";"A";"DATA_VALIDATE_TECH";
"HDF14";"2026/05/04 00:00";"2026/06/05 00:00";"2026/06/29";"Pb";"PM@Pb";"ug/m2*jour";"51.2459807073955";"A";"DATA_VALIDATE_TECH";
"HDF14";"2026/05/04 00:00";"2026/06/05 00:00";"2026/06/29";"Zn";"PM@Zn";"ug/m2*jour";"222.568327974276";"A";"DATA_VALIDATE_TECH";
"HDF18A";"2026/02/04 00:00";"2026/03/05 00:00";"2026/03/23";"PM";"PM";"g/m2*jour";"0.129781572236381";"A";"DATA_VALIDATE_TECH";
"HDF18A";"2026/02/04 00:00";"2026/03/05 00:00";"2026/03/23";"As";"PM@As";"ug/m2*jour";"0.72070074287615";"A";"DATA_VALIDATE_TECH";
"HDF18A";"2026/02/04 00:00";"2026/03/05 00:00";"2026/03/23";"Cd";"PM@Cd";"ug/m2*jour";"0.196806741323872";"A";"DATA_VALIDATE_TECH";
"HDF18A";"2026/02/04 00:00";"2026/03/05 00:00";"2026/03/23";"Cr";"PM@Cr";"ug/m2*jour";"116.42088923384";"A";"DATA_VALIDATE_TECH";
"HDF18A";"2026/02/04 00:00";"2026/03/05 00:00";"2026/03/23";"Ni";"PM@Ni";"ug/m2*jour";"13.5824370772813";"A";"DATA_VALIDATE_TECH";
"HDF18A";"2026/02/04 00:00";"2026/03/05 00:00";"2026/03/23";"Pb";"PM@Pb";"ug/m2*jour";"15.5227852311786";"A";"DATA_VALIDATE_TECH";
"HDF18A";"2026/02/04 00:00";"2026/03/05 00:00";"2026/03/23";"Zn";"PM@Zn";"ug/m2*jour";"196.252356137044";"A";"DATA_VALIDATE_TECH";
"HDF18A";"2026/03/05 00:00";"2026/04/02 00:00";"2026/04/30";"PM";"PM";"g/m2*jour";"5.51504363803022E-02";"A";"DATA_VALIDATE_TECH";
"HDF18A";"2026/03/05 00:00";"2026/04/02 00:00";"2026/04/30";"As";"PM@As";"ug/m2*jour";"0.430638493339458";"A";"DATA_VALIDATE_TECH";
"HDF18A";"2026/03/05 00:00";"2026/04/02 00:00";"2026/04/30";"Cd";"PM@Cd";"ug/m2*jour";"0.140675241157556";"A";"DATA_VALIDATE_TECH";
"HDF18A";"2026/03/05 00:00";"2026/04/02 00:00";"2026/04/30";"Cr";"PM@Cr";"ug/m2*jour";"69.1892512632062";"A";"DATA_VALIDATE_TECH";
"HDF18A";"2026/03/05 00:00";"2026/04/02 00:00";"2026/04/30";"Ni";"PM@Ni";"ug/m2*jour";"2.15319246669729";"A";"DATA_VALIDATE_TECH";
"HDF18A";"2026/03/05 00:00";"2026/04/02 00:00";"2026/04/30";"Pb";"PM@Pb";"ug/m2*jour";"6.02893890675241";"A";"DATA_VALIDATE_TECH";
"HDF18A";"2026/03/05 00:00";"2026/04/02 00:00";"2026/04/30";"Zn";"PM@Zn";"ug/m2*jour";"76.0794671566376";"A";"DATA_VALIDATE_TECH";
"HDF18A";"2026/04/02 00:00";"2026/05/04 00:00";"2026/05/20";"PM";"PM";"g/m2*jour";"0.124522709003258";"A";"DATA_VALIDATE_TECH";
"HDF18A";"2026/04/02 00:00";"2026/05/04 00:00";"2026/05/20";"As";"PM@As";"ug/m2*jour";"0.854099678456592";"A";"DATA_VALIDATE_TECH";
"HDF18A";"2026/04/02 00:00";"2026/05/04 00:00";"2026/05/20";"Cd";"PM@Cd";"ug/m2*jour";"0.158259646302251";"A";"DATA_VALIDATE_TECH";
"HDF18A";"2026/04/02 00:00";"2026/05/04 00:00";"2026/05/20";"Cr";"PM@Cr";"ug/m2*jour";"115.554662379421";"A";"DATA_VALIDATE_TECH";
"HDF18A";"2026/04/02 00:00";"2026/05/04 00:00";"2026/05/20";"Ni";"PM@Ni";"ug/m2*jour";"3.76808681672026";"A";"DATA_VALIDATE_TECH";
"HDF18A";"2026/04/02 00:00";"2026/05/04 00:00";"2026/05/20";"Pb";"PM@Pb";"ug/m2*jour";"13.0627009646302";"A";"DATA_VALIDATE_TECH";
"HDF18A";"2026/04/02 00:00";"2026/05/04 00:00";"2026/05/20";"Zn";"PM@Zn";"ug/m2*jour";"100.48231511254";"A";"DATA_VALIDATE_TECH";
"HDF18A";"2026/05/04 00:00";"2026/06/05 00:00";"2026/06/29";"PM";"PM";"g/m2*jour";"0.146252009646317";"A";"DATA_VALIDATE_TECH";
"HDF18A";"2026/05/04 00:00";"2026/06/05 00:00";"2026/06/29";"As";"PM@As";"ug/m2*jour";"0.25120578778135";"A";"DATA_VALIDATE_TECH";
"HDF18A";"2026/05/04 00:00";"2026/06/05 00:00";"2026/06/29";"Cd";"PM@Cd";"ug/m2*jour";"6.02893890675241E-02";"A";"DATA_VALIDATE_TECH";
"HDF18A";"2026/05/04 00:00";"2026/06/05 00:00";"2026/06/29";"Cr";"PM@Cr";"ug/m2*jour";"43.2073954983923";"A";"DATA_VALIDATE_TECH";
"HDF18A";"2026/05/04 00:00";"2026/06/05 00:00";"2026/06/29";"Ni";"PM@Ni";"ug/m2*jour";"2.11012861736334";"A";"DATA_VALIDATE_TECH";
"HDF18A";"2026/05/04 00:00";"2026/06/05 00:00";"2026/06/29";"Pb";"PM@Pb";"ug/m2*jour";"4.27049839228296";"A";"DATA_VALIDATE_TECH";
"HDF18A";"2026/05/04 00:00";"2026/06/05 00:00";"2026/06/29";"Zn";"PM@Zn";"ug/m2*jour";"41.4489549839228";"A";"DATA_VALIDATE_TECH";
"HDF60A";"2026/01/05 00:00";"2026/02/04 00:00";"2026/02/26";"PM";"PM";"g/m2*jour";"3.80493033226598E-02";"A";"DATA_VALIDATE_TECH";
"HDF60A";"2026/01/05 00:00";"2026/02/04 00:00";"2026/02/26";"As";"PM@As";"ug/m2*jour";"0.509110396570204";"A";"DATA_VALIDATE_TECH";
"HDF60A";"2026/01/05 00:00";"2026/02/04 00:00";"2026/02/26";"Cd";"PM@Cd";"ug/m2*jour";"0.120578778135048";"A";"DATA_VALIDATE_TECH";
"HDF60A";"2026/01/05 00:00";"2026/02/04 00:00";"2026/02/26";"Cr";"PM@Cr";"ug/m2*jour";"131.028938906752";"A";"DATA_VALIDATE_TECH";
"HDF60A";"2026/01/05 00:00";"2026/02/04 00:00";"2026/02/26";"Ni";"PM@Ni";"ug/m2*jour";"3.48338692390139";"A";"DATA_VALIDATE_TECH";
"HDF60A";"2026/01/05 00:00";"2026/02/04 00:00";"2026/02/26";"Pb";"PM@Pb";"ug/m2*jour";"5.09110396570204";"A";"DATA_VALIDATE_TECH";
"HDF60A";"2026/01/05 00:00";"2026/02/04 00:00";"2026/02/26";"Zn";"PM@Zn";"ug/m2*jour";"154.340836012862";"A";"DATA_VALIDATE_TECH";
"HDF60A";"2026/02/04 00:00";"2026/03/05 00:00";"2026/03/23";"PM";"PM";"g/m2*jour";"6.94644639095141E-02";"A";"DATA_VALIDATE_TECH";
"HDF60A";"2026/02/04 00:00";"2026/03/05 00:00";"2026/03/23";"As";"PM@As";"ug/m2*jour";"0.554385186827808";"A";"DATA_VALIDATE_TECH";
"HDF60A";"2026/02/04 00:00";"2026/03/05 00:00";"2026/03/23";"Cd";"PM@Cd";"ug/m2*jour";"0.11642088923384";"A";"DATA_VALIDATE_TECH";
"HDF60A";"2026/02/04 00:00";"2026/03/05 00:00";"2026/03/23";"Cr";"PM@Cr";"ug/m2*jour";"205.122519126289";"A";"DATA_VALIDATE_TECH";
"HDF60A";"2026/02/04 00:00";"2026/03/05 00:00";"2026/03/23";"Ni";"PM@Ni";"ug/m2*jour";"3.88069630779466";"A";"DATA_VALIDATE_TECH";
"HDF60A";"2026/02/04 00:00";"2026/03/05 00:00";"2026/03/23";"Pb";"PM@Pb";"ug/m2*jour";"4.71227408803637";"A";"DATA_VALIDATE_TECH";
"HDF60A";"2026/02/04 00:00";"2026/03/05 00:00";"2026/03/23";"Zn";"PM@Zn";"ug/m2*jour";"104.501607717042";"A";"DATA_VALIDATE_TECH";
"HDF60A";"2026/03/05 00:00";"2026/04/02 00:00";"2026/04/30";"PM";"PM";"g/m2*jour";"0.158647220946227";"A";"DATA_VALIDATE_TECH";
"HDF60A";"2026/03/05 00:00";"2026/04/02 00:00";"2026/04/30";"As";"PM@As";"ug/m2*jour";"1.23449701423978";"A";"DATA_VALIDATE_TECH";
"HDF60A";"2026/03/05 00:00";"2026/04/02 00:00";"2026/04/30";"Cd";"PM@Cd";"ug/m2*jour";"0.574184657785944";"A";"DATA_VALIDATE_TECH";
"HDF60A";"2026/03/05 00:00";"2026/04/02 00:00";"2026/04/30";"Cr";"PM@Cr";"ug/m2*jour";"1131.14377583831";"A";"DATA_VALIDATE_TECH";
"HDF60A";"2026/03/05 00:00";"2026/04/02 00:00";"2026/04/30";"Ni";"PM@Ni";"ug/m2*jour";"10.048231511254";"A";"DATA_VALIDATE_TECH";
"HDF60A";"2026/03/05 00:00";"2026/04/02 00:00";"2026/04/30";"Pb";"PM@Pb";"ug/m2*jour";"30.1446945337621";"A";"DATA_VALIDATE_TECH";
"HDF60A";"2026/03/05 00:00";"2026/04/02 00:00";"2026/04/30";"Zn";"PM@Zn";"ug/m2*jour";"433.509416628388";"A";"DATA_VALIDATE_TECH";
"HDF60A";"2026/04/02 00:00";"2026/05/04 00:00";"2026/05/20";"PM";"PM";"g/m2*jour";"0.300140675241183";"A";"DATA_VALIDATE_TECH";
"HDF60A";"2026/04/02 00:00";"2026/05/04 00:00";"2026/05/20";"As";"PM@As";"ug/m2*jour";"1.35651125401929";"A";"DATA_VALIDATE_TECH";
"HDF60A";"2026/04/02 00:00";"2026/05/04 00:00";"2026/05/20";"Cd";"PM@Cd";"ug/m2*jour";"0.527532154340836";"A";"DATA_VALIDATE_TECH";
"HDF60A";"2026/04/02 00:00";"2026/05/04 00:00";"2026/05/20";"Cr";"PM@Cr";"ug/m2*jour";"399.417202572347";"A";"DATA_VALIDATE_TECH";
"HDF60A";"2026/04/02 00:00";"2026/05/04 00:00";"2026/05/20";"Ni";"PM@Ni";"ug/m2*jour";"9.29461414790997";"A";"DATA_VALIDATE_TECH";
"HDF60A";"2026/04/02 00:00";"2026/05/04 00:00";"2026/05/20";"Pb";"PM@Pb";"ug/m2*jour";"49.7387459807074";"A";"DATA_VALIDATE_TECH";
"HDF60A";"2026/04/02 00:00";"2026/05/04 00:00";"2026/05/20";"Zn";"PM@Zn";"ug/m2*jour";"351.688102893891";"A";"DATA_VALIDATE_TECH";
"HDF60A";"2026/05/04 00:00";"2026/06/05 00:00";"2026/06/29";"PM";"PM";"g/m2*jour";"0.744800040192905";"A";"DATA_VALIDATE_TECH";
"HDF60A";"2026/05/04 00:00";"2026/06/05 00:00";"2026/06/29";"As";"PM@As";"ug/m2*jour";"1.68307877813505";"A";"DATA_VALIDATE_TECH";
"HDF60A";"2026/05/04 00:00";"2026/06/05 00:00";"2026/06/29";"Cd";"PM@Cd";"ug/m2*jour";"0.376808681672026";"A";"DATA_VALIDATE_TECH";
"HDF60A";"2026/05/04 00:00";"2026/06/05 00:00";"2026/06/29";"Cr";"PM@Cr";"ug/m2*jour";"894.292604501608";"A";"DATA_VALIDATE_TECH";
"HDF60A";"2026/05/04 00:00";"2026/06/05 00:00";"2026/06/29";"Ni";"PM@Ni";"ug/m2*jour";"13.5651125401929";"A";"DATA_VALIDATE_TECH";
"HDF60A";"2026/05/04 00:00";"2026/06/05 00:00";"2026/06/29";"Pb";"PM@Pb";"ug/m2*jour";"35.1688102893891";"A";"DATA_VALIDATE_TECH";
"HDF60A";"2026/05/04 00:00";"2026/06/05 00:00";"2026/06/29";"Zn";"PM@Zn";"ug/m2*jour";"386.85691318328";"A";"DATA_VALIDATE_TECH";
"HDF60C";"2026/01/05 00:00";"2026/02/04 00:00";"2026/02/26";"PM";"PM";"g/m2*jour";"3.67095391211148E-02";"A";"DATA_VALIDATE_TECH";
"HDF60C";"2026/01/05 00:00";"2026/02/04 00:00";"2026/02/26";"As";"PM@As";"ug/m2*jour";"0.509110396570204";"A";"DATA_VALIDATE_TECH";
"HDF60C";"2026/01/05 00:00";"2026/02/04 00:00";"2026/02/26";"Cd";"PM@Cd";"ug/m2*jour";"0.120578778135048";"A";"DATA_VALIDATE_TECH";
"HDF60C";"2026/01/05 00:00";"2026/02/04 00:00";"2026/02/26";"Cr";"PM@Cr";"ug/m2*jour";"135.852090032154";"A";"DATA_VALIDATE_TECH";
"HDF60C";"2026/01/05 00:00";"2026/02/04 00:00";"2026/02/26";"Ni";"PM@Ni";"ug/m2*jour";"4.82315112540193";"A";"DATA_VALIDATE_TECH";
"HDF60C";"2026/01/05 00:00";"2026/02/04 00:00";"2026/02/26";"Pb";"PM@Pb";"ug/m2*jour";"5.09110396570204";"A";"DATA_VALIDATE_TECH";
"HDF60C";"2026/01/05 00:00";"2026/02/04 00:00";"2026/02/26";"Zn";"PM@Zn";"ug/m2*jour";"195.605573419078";"A";"DATA_VALIDATE_TECH";
"HDF60C";"2026/02/04 00:00";"2026/03/05 00:00";"2026/03/23";"PM";"PM";"g/m2*jour";"6.67756957534124E-02";"A";"DATA_VALIDATE_TECH";
"HDF60C";"2026/02/04 00:00";"2026/03/05 00:00";"2026/03/23";"As";"PM@As";"ug/m2*jour";"0.72070074287615";"A";"DATA_VALIDATE_TECH";
"HDF60C";"2026/02/04 00:00";"2026/03/05 00:00";"2026/03/23";"Cd";"PM@Cd";"ug/m2*jour";"0.169087481982481";"A";"DATA_VALIDATE_TECH";
"HDF60C";"2026/02/04 00:00";"2026/03/05 00:00";"2026/03/23";"Cr";"PM@Cr";"ug/m2*jour";"321.543408360129";"A";"DATA_VALIDATE_TECH";
"HDF60C";"2026/02/04 00:00";"2026/03/05 00:00";"2026/03/23";"Ni";"PM@Ni";"ug/m2*jour";"5.54385186827808";"A";"DATA_VALIDATE_TECH";
"HDF60C";"2026/02/04 00:00";"2026/03/05 00:00";"2026/03/23";"Pb";"PM@Pb";"ug/m2*jour";"6.09823705510589";"A";"DATA_VALIDATE_TECH";
"HDF60C";"2026/02/04 00:00";"2026/03/05 00:00";"2026/03/23";"Zn";"PM@Zn";"ug/m2*jour";"166.315556048342";"A";"DATA_VALIDATE_TECH";
"HDF60C";"2026/03/05 00:00";"2026/04/02 00:00";"2026/04/30";"PM";"PM";"g/m2*jour";"0.213912494258164";"A";"DATA_VALIDATE_TECH";
"HDF60C";"2026/03/05 00:00";"2026/04/02 00:00";"2026/04/30";"As";"PM@As";"ug/m2*jour";"1.75126320624713";"A";"DATA_VALIDATE_TECH";
"HDF60C";"2026/03/05 00:00";"2026/04/02 00:00";"2026/04/30";"Cd";"PM@Cd";"ug/m2*jour";"0.71773082223243";"A";"DATA_VALIDATE_TECH";
"HDF60C";"2026/03/05 00:00";"2026/04/02 00:00";"2026/04/30";"Cr";"PM@Cr";"ug/m2*jour";"1811.55259531465";"A";"DATA_VALIDATE_TECH";
"HDF60C";"2026/03/05 00:00";"2026/04/02 00:00";"2026/04/30";"Ni";"PM@Ni";"ug/m2*jour";"14.0675241157556";"A";"DATA_VALIDATE_TECH";
"HDF60C";"2026/03/05 00:00";"2026/04/02 00:00";"2026/04/30";"Pb";"PM@Pb";"ug/m2*jour";"34.4510794671566";"A";"DATA_VALIDATE_TECH";
"HDF60C";"2026/03/05 00:00";"2026/04/02 00:00";"2026/04/30";"Zn";"PM@Zn";"ug/m2*jour";"611.50666054203";"A";"DATA_VALIDATE_TECH";
"HDF60C";"2026/04/02 00:00";"2026/05/04 00:00";"2026/05/20";"PM";"PM";"g/m2*jour";"0.210887258842412";"A";"DATA_VALIDATE_TECH";
"HDF60C";"2026/04/02 00:00";"2026/05/04 00:00";"2026/05/20";"As";"PM@As";"ug/m2*jour";"2.18549035369775";"A";"DATA_VALIDATE_TECH";
"HDF60C";"2026/04/02 00:00";"2026/05/04 00:00";"2026/05/20";"Cd";"PM@Cd";"ug/m2*jour";"0.577773311897106";"A";"DATA_VALIDATE_TECH";
"HDF60C";"2026/04/02 00:00";"2026/05/04 00:00";"2026/05/20";"Cr";"PM@Cr";"ug/m2*jour";"962.118167202572";"A";"DATA_VALIDATE_TECH";
"HDF60C";"2026/04/02 00:00";"2026/05/04 00:00";"2026/05/20";"Ni";"PM@Ni";"ug/m2*jour";"13.0627009646302";"A";"DATA_VALIDATE_TECH";
"HDF60C";"2026/04/02 00:00";"2026/05/04 00:00";"2026/05/20";"Pb";"PM@Pb";"ug/m2*jour";"42.9561897106109";"A";"DATA_VALIDATE_TECH";
"HDF60C";"2026/04/02 00:00";"2026/05/04 00:00";"2026/05/20";"Zn";"PM@Zn";"ug/m2*jour";"499.899517684887";"A";"DATA_VALIDATE_TECH";
"HDF60C";"2026/05/04 00:00";"2026/06/05 00:00";"2026/06/29";"PM";"PM";"g/m2*jour";"0.156827773311877";"A";"DATA_VALIDATE_TECH";
"HDF60C";"2026/05/04 00:00";"2026/06/05 00:00";"2026/06/29";"As";"PM@As";"ug/m2*jour";"0.803858520900322";"A";"DATA_VALIDATE_TECH";
"HDF60C";"2026/05/04 00:00";"2026/06/05 00:00";"2026/06/29";"Cd";"PM@Cd";"ug/m2*jour";"0.276326366559486";"A";"DATA_VALIDATE_TECH";
"HDF60C";"2026/05/04 00:00";"2026/06/05 00:00";"2026/06/29";"Cr";"PM@Cr";"ug/m2*jour";"532.556270096463";"A";"DATA_VALIDATE_TECH";
"HDF60C";"2026/05/04 00:00";"2026/06/05 00:00";"2026/06/29";"Ni";"PM@Ni";"ug/m2*jour";"4.52170418006431";"A";"DATA_VALIDATE_TECH";
"HDF60C";"2026/05/04 00:00";"2026/06/05 00:00";"2026/06/29";"Pb";"PM@Pb";"ug/m2*jour";"15.3235530546624";"A";"DATA_VALIDATE_TECH";
"HDF60C";"2026/05/04 00:00";"2026/06/05 00:00";"2026/06/29";"Zn";"PM@Zn";"ug/m2*jour";"158.008440514469";"A";"DATA_VALIDATE_TECH";
"HDF64";"2026/01/05 00:00";"2026/02/04 00:00";"2026/02/26";"PM";"PM";"g/m2*jour";"2.33118971060835E-02";"A";"DATA_VALIDATE_TECH";
"HDF64";"2026/01/05 00:00";"2026/02/04 00:00";"2026/02/26";"As";"PM@As";"ug/m2*jour";"0.294748124330118";"A";"DATA_VALIDATE_TECH";
"HDF64";"2026/01/05 00:00";"2026/02/04 00:00";"2026/02/26";"Cd";"PM@Cd";"ug/m2*jour";"8.84244372990354E-02";"A";"DATA_VALIDATE_TECH";
"HDF64";"2026/01/05 00:00";"2026/02/04 00:00";"2026/02/26";"Cr";"PM@Cr";"ug/m2*jour";"74.7588424437299";"A";"DATA_VALIDATE_TECH";
"HDF64";"2026/01/05 00:00";"2026/02/04 00:00";"2026/02/26";"Ni";"PM@Ni";"ug/m2*jour";"3.21543408360129";"A";"DATA_VALIDATE_TECH";
"HDF64";"2026/01/05 00:00";"2026/02/04 00:00";"2026/02/26";"Pb";"PM@Pb";"ug/m2*jour";"2.2508038585209";"A";"DATA_VALIDATE_TECH";
"HDF64";"2026/01/05 00:00";"2026/02/04 00:00";"2026/02/26";"Zn";"PM@Zn";"ug/m2*jour";"111.200428724544";"A";"DATA_VALIDATE_TECH";
"HDF64";"2026/02/04 00:00";"2026/03/05 00:00";"2026/03/23";"PM";"PM";"g/m2*jour";"5.37753631222705E-02";"A";"DATA_VALIDATE_TECH";
"HDF64";"2026/02/04 00:00";"2026/03/05 00:00";"2026/03/23";"As";"PM@As";"ug/m2*jour";"0.443508149462246";"A";"DATA_VALIDATE_TECH";
"HDF64";"2026/02/04 00:00";"2026/03/05 00:00";"2026/03/23";"Cd";"PM@Cd";"ug/m2*jour";"7.48420002217541E-02";"A";"DATA_VALIDATE_TECH";
"HDF64";"2026/02/04 00:00";"2026/03/05 00:00";"2026/03/23";"Cr";"PM@Cr";"ug/m2*jour";"95.6314447277969";"A";"DATA_VALIDATE_TECH";
"HDF64";"2026/02/04 00:00";"2026/03/05 00:00";"2026/03/23";"Ni";"PM@Ni";"ug/m2*jour";"4.15788890120856";"A";"DATA_VALIDATE_TECH";
"HDF64";"2026/02/04 00:00";"2026/03/05 00:00";"2026/03/23";"Pb";"PM@Pb";"ug/m2*jour";"3.32631112096685";"A";"DATA_VALIDATE_TECH";
"HDF64";"2026/02/04 00:00";"2026/03/05 00:00";"2026/03/23";"Zn";"PM@Zn";"ug/m2*jour";"127.508592970396";"A";"DATA_VALIDATE_TECH";
"HDF64";"2026/03/05 00:00";"2026/04/02 00:00";"2026/04/30";"PM";"PM";"g/m2*jour";"0.112540192926028";"A";"DATA_VALIDATE_TECH";
"HDF64";"2026/03/05 00:00";"2026/04/02 00:00";"2026/04/30";"As";"PM@As";"ug/m2*jour";"0.91869545245751";"A";"DATA_VALIDATE_TECH";
"HDF64";"2026/03/05 00:00";"2026/04/02 00:00";"2026/04/30";"Cd";"PM@Cd";"ug/m2*jour";"0.287092328892972";"A";"DATA_VALIDATE_TECH";
"HDF64";"2026/03/05 00:00";"2026/04/02 00:00";"2026/04/30";"Cr";"PM@Cr";"ug/m2*jour";"422.025723472669";"A";"DATA_VALIDATE_TECH";
"HDF64";"2026/03/05 00:00";"2026/04/02 00:00";"2026/04/30";"Ni";"PM@Ni";"ug/m2*jour";"5.1676619200735";"A";"DATA_VALIDATE_TECH";
"HDF64";"2026/03/05 00:00";"2026/04/02 00:00";"2026/04/30";"Pb";"PM@Pb";"ug/m2*jour";"13.7804317868627";"A";"DATA_VALIDATE_TECH";
"HDF64";"2026/03/05 00:00";"2026/04/02 00:00";"2026/04/30";"Zn";"PM@Zn";"ug/m2*jour";"206.993569131833";"A";"DATA_VALIDATE_TECH";
"HDF64";"2026/04/02 00:00";"2026/05/04 00:00";"2026/05/20";"PM";"PM";"g/m2*jour";"0.174738745980696";"A";"DATA_VALIDATE_TECH";
"HDF64";"2026/04/02 00:00";"2026/05/04 00:00";"2026/05/20";"As";"PM@As";"ug/m2*jour";"1.0048231511254";"A";"DATA_VALIDATE_TECH";
"HDF64";"2026/04/02 00:00";"2026/05/04 00:00";"2026/05/20";"Cd";"PM@Cd";"ug/m2*jour";"0.376808681672026";"A";"DATA_VALIDATE_TECH";
"HDF64";"2026/04/02 00:00";"2026/05/04 00:00";"2026/05/20";"Cr";"PM@Cr";"ug/m2*jour";"530.044212218649";"A";"DATA_VALIDATE_TECH";
"HDF64";"2026/04/02 00:00";"2026/05/04 00:00";"2026/05/20";"Ni";"PM@Ni";"ug/m2*jour";"8.28979099678456";"A";"DATA_VALIDATE_TECH";
"HDF64";"2026/04/02 00:00";"2026/05/04 00:00";"2026/05/20";"Pb";"PM@Pb";"ug/m2*jour";"26.6278135048231";"A";"DATA_VALIDATE_TECH";
"HDF64";"2026/04/02 00:00";"2026/05/04 00:00";"2026/05/20";"Zn";"PM@Zn";"ug/m2*jour";"276.326366559486";"A";"DATA_VALIDATE_TECH";
"HDF64";"2026/05/04 00:00";"2026/06/05 00:00";"2026/06/29";"PM";"PM";"g/m2*jour";"0.152356310289413";"A";"DATA_VALIDATE_TECH";
"HDF64";"2026/05/04 00:00";"2026/06/05 00:00";"2026/06/29";"As";"PM@As";"ug/m2*jour";"1.55747588424437";"A";"DATA_VALIDATE_TECH";
"HDF64";"2026/05/04 00:00";"2026/06/05 00:00";"2026/06/29";"Cd";"PM@Cd";"ug/m2*jour";"0.20096463022508";"A";"DATA_VALIDATE_TECH";
"HDF64";"2026/05/04 00:00";"2026/06/05 00:00";"2026/06/29";"Cr";"PM@Cr";"ug/m2*jour";"246.181672025723";"A";"DATA_VALIDATE_TECH";
"HDF64";"2026/05/04 00:00";"2026/06/05 00:00";"2026/06/29";"Ni";"PM@Ni";"ug/m2*jour";"7.03376205787781";"A";"DATA_VALIDATE_TECH";
"HDF64";"2026/05/04 00:00";"2026/06/05 00:00";"2026/06/29";"Pb";"PM@Pb";"ug/m2*jour";"20.3476688102894";"A";"DATA_VALIDATE_TECH";
"HDF64";"2026/05/04 00:00";"2026/06/05 00:00";"2026/06/29";"Zn";"PM@Zn";"ug/m2*jour";"164.037379421222";"A";"DATA_VALIDATE_TECH";
"HDF65A";"2026/01/05 00:00";"2026/02/04 00:00";"2026/02/26";"PM";"PM";"g/m2*jour";"6.88638799571289E-02";"A";"DATA_VALIDATE_TECH";
"HDF65A";"2026/01/05 00:00";"2026/02/04 00:00";"2026/02/26";"As";"PM@As";"ug/m2*jour";"0.857449088960343";"A";"DATA_VALIDATE_TECH";
"HDF65A";"2026/01/05 00:00";"2026/02/04 00:00";"2026/02/26";"Cd";"PM@Cd";"ug/m2*jour";"0.294748124330118";"A";"DATA_VALIDATE_TECH";
"HDF65A";"2026/01/05 00:00";"2026/02/04 00:00";"2026/02/26";"Cr";"PM@Cr";"ug/m2*jour";"174.97320471597";"A";"DATA_VALIDATE_TECH";
"HDF65A";"2026/01/05 00:00";"2026/02/04 00:00";"2026/02/26";"Ni";"PM@Ni";"ug/m2*jour";"10.1822079314041";"A";"DATA_VALIDATE_TECH";
"HDF65A";"2026/01/05 00:00";"2026/02/04 00:00";"2026/02/26";"Pb";"PM@Pb";"ug/m2*jour";"13.1296891747053";"A";"DATA_VALIDATE_TECH";
"HDF65A";"2026/01/05 00:00";"2026/02/04 00:00";"2026/02/26";"Zn";"PM@Zn";"ug/m2*jour";"224.54448017149";"A";"DATA_VALIDATE_TECH";
"HDF65A";"2026/02/04 00:00";"2026/03/05 00:00";"2026/03/23";"PM";"PM";"g/m2*jour";"0.100981261780673";"A";"DATA_VALIDATE_TECH";
"HDF65A";"2026/02/04 00:00";"2026/03/05 00:00";"2026/03/23";"As";"PM@As";"ug/m2*jour";"1.24736667036257";"A";"DATA_VALIDATE_TECH";
"HDF65A";"2026/02/04 00:00";"2026/03/05 00:00";"2026/03/23";"Cd";"PM@Cd";"ug/m2*jour";"0.360350371438075";"A";"DATA_VALIDATE_TECH";
"HDF65A";"2026/02/04 00:00";"2026/03/05 00:00";"2026/03/23";"Cr";"PM@Cr";"ug/m2*jour";"343.718815833241";"A";"DATA_VALIDATE_TECH";
"HDF65A";"2026/02/04 00:00";"2026/03/05 00:00";"2026/03/23";"Ni";"PM@Ni";"ug/m2*jour";"11.3648963299701";"A";"DATA_VALIDATE_TECH";
"HDF65A";"2026/02/04 00:00";"2026/03/05 00:00";"2026/03/23";"Pb";"PM@Pb";"ug/m2*jour";"13.3052444838674";"A";"DATA_VALIDATE_TECH";
"HDF65A";"2026/02/04 00:00";"2026/03/05 00:00";"2026/03/23";"Zn";"PM@Zn";"ug/m2*jour";"335.403038030824";"A";"DATA_VALIDATE_TECH";
"HDF65A";"2026/03/05 00:00";"2026/04/02 00:00";"2026/04/30";"PM";"PM";"g/m2*jour";"8.55248047771914E-02";"A";"DATA_VALIDATE_TECH";
"HDF65A";"2026/03/05 00:00";"2026/04/02 00:00";"2026/04/30";"As";"PM@As";"ug/m2*jour";"0.832567753789619";"A";"DATA_VALIDATE_TECH";
"HDF65A";"2026/03/05 00:00";"2026/04/02 00:00";"2026/04/30";"Cd";"PM@Cd";"ug/m2*jour";"0.166513550757924";"A";"DATA_VALIDATE_TECH";
"HDF65A";"2026/03/05 00:00";"2026/04/02 00:00";"2026/04/30";"Cr";"PM@Cr";"ug/m2*jour";"100.195222783647";"A";"DATA_VALIDATE_TECH";
"HDF65A";"2026/03/05 00:00";"2026/04/02 00:00";"2026/04/30";"Ni";"PM@Ni";"ug/m2*jour";"6.31603123564538";"A";"DATA_VALIDATE_TECH";
"HDF65A";"2026/03/05 00:00";"2026/04/02 00:00";"2026/04/30";"Pb";"PM@Pb";"ug/m2*jour";"12.3449701423978";"A";"DATA_VALIDATE_TECH";
"HDF65A";"2026/03/05 00:00";"2026/04/02 00:00";"2026/04/30";"Zn";"PM@Zn";"ug/m2*jour";"147.278364722095";"A";"DATA_VALIDATE_TECH";
"HDF65A";"2026/04/02 00:00";"2026/05/04 00:00";"2026/05/20";"PM";"PM";"g/m2*jour";"0.198603295819932";"A";"DATA_VALIDATE_TECH";
"HDF65A";"2026/04/02 00:00";"2026/05/04 00:00";"2026/05/20";"As";"PM@As";"ug/m2*jour";"2.4366961414791";"A";"DATA_VALIDATE_TECH";
"HDF65A";"2026/04/02 00:00";"2026/05/04 00:00";"2026/05/20";"Cd";"PM@Cd";"ug/m2*jour";"0.653135048231511";"A";"DATA_VALIDATE_TECH";
"HDF65A";"2026/04/02 00:00";"2026/05/04 00:00";"2026/05/20";"Cr";"PM@Cr";"ug/m2*jour";"188.153135048231";"A";"DATA_VALIDATE_TECH";
"HDF65A";"2026/04/02 00:00";"2026/05/04 00:00";"2026/05/20";"Ni";"PM@Ni";"ug/m2*jour";"18.0868167202572";"A";"DATA_VALIDATE_TECH";
"HDF65A";"2026/04/02 00:00";"2026/05/04 00:00";"2026/05/20";"Pb";"PM@Pb";"ug/m2*jour";"40.4441318327974";"A";"DATA_VALIDATE_TECH";
"HDF65A";"2026/04/02 00:00";"2026/05/04 00:00";"2026/05/20";"Zn";"PM@Zn";"ug/m2*jour";"391.881028938907";"A";"DATA_VALIDATE_TECH";
"HDF65A";"2026/05/04 00:00";"2026/06/05 00:00";"2026/06/29";"PM";"PM";"g/m2*jour";"0.115906350482336";"A";"DATA_VALIDATE_TECH";
"HDF65A";"2026/05/04 00:00";"2026/06/05 00:00";"2026/06/29";"As";"PM@As";"ug/m2*jour";"1.23090836012862";"A";"DATA_VALIDATE_TECH";
"HDF65A";"2026/05/04 00:00";"2026/06/05 00:00";"2026/06/29";"Cd";"PM@Cd";"ug/m2*jour";"0.276326366559486";"A";"DATA_VALIDATE_TECH";
"HDF65A";"2026/05/04 00:00";"2026/06/05 00:00";"2026/06/29";"Cr";"PM@Cr";"ug/m2*jour";"150.974678456592";"A";"DATA_VALIDATE_TECH";
"HDF65A";"2026/05/04 00:00";"2026/06/05 00:00";"2026/06/29";"Ni";"PM@Ni";"ug/m2*jour";"7.78737942122186";"A";"DATA_VALIDATE_TECH";
"HDF65A";"2026/05/04 00:00";"2026/06/05 00:00";"2026/06/29";"Pb";"PM@Pb";"ug/m2*jour";"21.1012861736334";"A";"DATA_VALIDATE_TECH";
"HDF65A";"2026/05/04 00:00";"2026/06/05 00:00";"2026/06/29";"Zn";"PM@Zn";"ug/m2*jour";"209.003215434084";"A";"DATA_VALIDATE_TECH";
"HDU04A";"2026/01/05 00:00";"2026/02/04 00:00";"2026/02/26";"PM";"PM";"g/m2*jour";"0.493837084673117";"A";"DATA_VALIDATE_TECH";
"HDU04A";"2026/01/05 00:00";"2026/02/04 00:00";"2026/02/26";"As";"PM@As";"ug/m2*jour";"13.1296891747053";"A";"DATA_VALIDATE_TECH";
"HDU04A";"2026/01/05 00:00";"2026/02/04 00:00";"2026/02/26";"Cd";"PM@Cd";"ug/m2*jour";"0.643086816720257";"A";"DATA_VALIDATE_TECH";
"HDU04A";"2026/01/05 00:00";"2026/02/04 00:00";"2026/02/26";"Cr";"PM@Cr";"ug/m2*jour";"55.1982851018221";"A";"DATA_VALIDATE_TECH";
"HDU04A";"2026/01/05 00:00";"2026/02/04 00:00";"2026/02/26";"Ni";"PM@Ni";"ug/m2*jour";"35.101822079314";"A";"DATA_VALIDATE_TECH";
"HDU04A";"2026/01/05 00:00";"2026/02/04 00:00";"2026/02/26";"Pb";"PM@Pb";"ug/m2*jour";"23.8478027867095";"A";"DATA_VALIDATE_TECH";
"HDU04A";"2026/01/05 00:00";"2026/02/04 00:00";"2026/02/26";"Zn";"PM@Zn";"ug/m2*jour";"236.334405144695";"A";"DATA_VALIDATE_TECH";
"HDU04A";"2026/02/04 00:00";"2026/03/05 00:00";"2026/03/23";"PM";"PM";"g/m2*jour";"4.55981816165646E-02";"A";"DATA_VALIDATE_TECH";
"HDU04A";"2026/02/04 00:00";"2026/03/05 00:00";"2026/03/23";"As";"PM@As";"ug/m2*jour";"0.388069630779466";"A";"DATA_VALIDATE_TECH";
"HDU04A";"2026/02/04 00:00";"2026/03/05 00:00";"2026/03/23";"Cd";"PM@Cd";"ug/m2*jour";"0.124736667036257";"A";"DATA_VALIDATE_TECH";
"HDU04A";"2026/02/04 00:00";"2026/03/05 00:00";"2026/03/23";"Cr";"PM@Cr";"ug/m2*jour";"7.48420002217541";"A";"DATA_VALIDATE_TECH";
"HDU04A";"2026/02/04 00:00";"2026/03/05 00:00";"2026/03/23";"Ni";"PM@Ni";"ug/m2*jour";"1.33052444838674";"A";"DATA_VALIDATE_TECH";
"HDU04A";"2026/02/04 00:00";"2026/03/05 00:00";"2026/03/23";"Pb";"PM@Pb";"ug/m2*jour";"3.88069630779466";"A";"DATA_VALIDATE_TECH";
"HDU04A";"2026/02/04 00:00";"2026/03/05 00:00";"2026/03/23";"Zn";"PM@Zn";"ug/m2*jour";"41.0245038252578";"A";"DATA_VALIDATE_TECH";
"HDU04A";"2026/03/05 00:00";"2026/04/02 00:00";"2026/04/30";"PM";"PM";"g/m2*jour";"0.144522278364738";"A";"DATA_VALIDATE_TECH";
"HDU04A";"2026/03/05 00:00";"2026/04/02 00:00";"2026/04/30";"As";"PM@As";"ug/m2*jour";"1.26320624712908";"A";"DATA_VALIDATE_TECH";
"HDU04A";"2026/03/05 00:00";"2026/04/02 00:00";"2026/04/30";"Cd";"PM@Cd";"ug/m2*jour";"0.284221405604042";"A";"DATA_VALIDATE_TECH";
"HDU04A";"2026/03/05 00:00";"2026/04/02 00:00";"2026/04/30";"Cr";"PM@Cr";"ug/m2*jour";"19.2351860358291";"A";"DATA_VALIDATE_TECH";
"HDU04A";"2026/03/05 00:00";"2026/04/02 00:00";"2026/04/30";"Ni";"PM@Ni";"ug/m2*jour";"4.01929260450161";"A";"DATA_VALIDATE_TECH";
"HDU04A";"2026/03/05 00:00";"2026/04/02 00:00";"2026/04/30";"Pb";"PM@Pb";"ug/m2*jour";"10.62241616904";"A";"DATA_VALIDATE_TECH";
"HDU04A";"2026/03/05 00:00";"2026/04/02 00:00";"2026/04/30";"Zn";"PM@Zn";"ug/m2*jour";"205.845199816261";"A";"DATA_VALIDATE_TECH";
"HDU04A";"2026/04/02 00:00";"2026/05/04 00:00";"2026/05/20";"PM";"PM";"g/m2*jour";"0.177577371382598";"A";"DATA_VALIDATE_TECH";
"HDU04A";"2026/04/02 00:00";"2026/05/04 00:00";"2026/05/20";"As";"PM@As";"ug/m2*jour";"1.28114951768489";"A";"DATA_VALIDATE_TECH";
"HDU04A";"2026/04/02 00:00";"2026/05/04 00:00";"2026/05/20";"Cd";"PM@Cd";"ug/m2*jour";"0.301446945337621";"A";"DATA_VALIDATE_TECH";
"HDU04A";"2026/04/02 00:00";"2026/05/04 00:00";"2026/05/20";"Cr";"PM@Cr";"ug/m2*jour";"44.9658360128617";"A";"DATA_VALIDATE_TECH";
"HDU04A";"2026/04/02 00:00";"2026/05/04 00:00";"2026/05/20";"Ni";"PM@Ni";"ug/m2*jour";"5.77773311897106";"A";"DATA_VALIDATE_TECH";
"HDU04A";"2026/04/02 00:00";"2026/05/04 00:00";"2026/05/20";"Pb";"PM@Pb";"ug/m2*jour";"13.5651125401929";"A";"DATA_VALIDATE_TECH";
"HDU04A";"2026/04/02 00:00";"2026/05/04 00:00";"2026/05/20";"Zn";"PM@Zn";"ug/m2*jour";"162.027733118971";"A";"DATA_VALIDATE_TECH";
"HDU04A";"2026/05/04 00:00";"2026/06/05 00:00";"2026/06/29";"PM";"PM";"g/m2*jour";"0.178280747588467";"A";"DATA_VALIDATE_TECH";
"HDU04A";"2026/05/04 00:00";"2026/06/05 00:00";"2026/06/29";"As";"PM@As";"ug/m2*jour";"1.35651125401929";"A";"DATA_VALIDATE_TECH";
"HDU04A";"2026/05/04 00:00";"2026/06/05 00:00";"2026/06/29";"Cd";"PM@Cd";"ug/m2*jour";"0.248693729903537";"A";"DATA_VALIDATE_TECH";
"HDU04A";"2026/05/04 00:00";"2026/06/05 00:00";"2026/06/29";"Cr";"PM@Cr";"ug/m2*jour";"99.2262861736334";"A";"DATA_VALIDATE_TECH";
"HDU04A";"2026/05/04 00:00";"2026/06/05 00:00";"2026/06/29";"Ni";"PM@Ni";"ug/m2*jour";"4.52170418006431";"A";"DATA_VALIDATE_TECH";
"HDU04A";"2026/05/04 00:00";"2026/06/05 00:00";"2026/06/29";"Pb";"PM@Pb";"ug/m2*jour";"13.0627009646302";"A";"DATA_VALIDATE_TECH";
"HDU04A";"2026/05/04 00:00";"2026/06/05 00:00";"2026/06/29";"Zn";"PM@Zn";"ug/m2*jour";"90.4340836012862";"A";"DATA_VALIDATE_TECH";
"HDU10";"2026/01/05 00:00";"2026/02/04 00:00";"2026/02/26";"PM";"PM";"g/m2*jour";"2.30439442658126E-02";"A";"DATA_VALIDATE_TECH";
"HDU10";"2026/01/05 00:00";"2026/02/04 00:00";"2026/02/26";"As";"PM@As";"ug/m2*jour";"0.139335476956056";"A";"DATA_VALIDATE_TECH";
"HDU10";"2026/01/05 00:00";"2026/02/04 00:00";"2026/02/26";"Cd";"PM@Cd";"ug/m2*jour";"2.67952840300107E-02";"A";"DATA_VALIDATE_TECH";
"HDU10";"2026/01/05 00:00";"2026/02/04 00:00";"2026/02/26";"Cr";"PM@Cr";"ug/m2*jour";"1.90246516613076";"A";"DATA_VALIDATE_TECH";
"HDU10";"2026/01/05 00:00";"2026/02/04 00:00";"2026/02/26";"Ni";"PM@Ni";"ug/m2*jour";"1.07181136120043";"A";"DATA_VALIDATE_TECH";
"HDU10";"2026/01/05 00:00";"2026/02/04 00:00";"2026/02/26";"Pb";"PM@Pb";"ug/m2*jour";"1.2593783494105";"A";"DATA_VALIDATE_TECH";
"HDU10";"2026/01/05 00:00";"2026/02/04 00:00";"2026/02/26";"Zn";"PM@Zn";"ug/m2*jour";"87.6205787781351";"A";"DATA_VALIDATE_TECH";
"HDU10";"2026/02/04 00:00";"2026/03/05 00:00";"2026/03/23";"PM";"PM";"g/m2*jour";"4.97006319990533E-02";"A";"DATA_VALIDATE_TECH";
"HDU10";"2026/02/04 00:00";"2026/03/05 00:00";"2026/03/23";"As";"PM@As";"ug/m2*jour";"0.130280518904535";"A";"DATA_VALIDATE_TECH";
"HDU10";"2026/02/04 00:00";"2026/03/05 00:00";"2026/03/23";"Cd";"PM@Cd";"ug/m2*jour";"2.77192593413904E-02";"A";"DATA_VALIDATE_TECH";
"HDU10";"2026/02/04 00:00";"2026/03/05 00:00";"2026/03/23";"Cr";"PM@Cr";"ug/m2*jour";"2.41157556270096";"A";"DATA_VALIDATE_TECH";
"HDU10";"2026/02/04 00:00";"2026/03/05 00:00";"2026/03/23";"Ni";"PM@Ni";"ug/m2*jour";"0.776139261558931";"A";"DATA_VALIDATE_TECH";
"HDU10";"2026/02/04 00:00";"2026/03/05 00:00";"2026/03/23";"Pb";"PM@Pb";"ug/m2*jour";"1.55227852311786";"A";"DATA_VALIDATE_TECH";
"HDU10";"2026/02/04 00:00";"2026/03/05 00:00";"2026/03/23";"Zn";"PM@Zn";"ug/m2*jour";"24.1157556270096";"A";"DATA_VALIDATE_TECH";
"HDU10";"2026/03/05 00:00";"2026/04/02 00:00";"2026/04/30";"PM";"PM";"g/m2*jour";"5.04421221864317E-02";"A";"DATA_VALIDATE_TECH";
"HDU10";"2026/03/05 00:00";"2026/04/02 00:00";"2026/04/30";"As";"PM@As";"ug/m2*jour";"0.223932016536518";"A";"DATA_VALIDATE_TECH";
"HDU10";"2026/03/05 00:00";"2026/04/02 00:00";"2026/04/30";"Cd";"PM@Cd";"ug/m2*jour";"5.74184657785944E-02";"A";"DATA_VALIDATE_TECH";
"HDU10";"2026/03/05 00:00";"2026/04/02 00:00";"2026/04/30";"Cr";"PM@Cr";"ug/m2*jour";"3.73220027560864";"A";"DATA_VALIDATE_TECH";
"HDU10";"2026/03/05 00:00";"2026/04/02 00:00";"2026/04/30";"Ni";"PM@Ni";"ug/m2*jour";"0.775149288011024";"A";"DATA_VALIDATE_TECH";
"HDU10";"2026/03/05 00:00";"2026/04/02 00:00";"2026/04/30";"Pb";"PM@Pb";"ug/m2*jour";"2.38286632981167";"A";"DATA_VALIDATE_TECH";
"HDU10";"2026/03/05 00:00";"2026/04/02 00:00";"2026/04/30";"Zn";"PM@Zn";"ug/m2*jour";"28.9963252181902";"A";"DATA_VALIDATE_TECH";
"HDU10";"2026/04/02 00:00";"2026/05/04 00:00";"2026/05/20";"PM";"PM";"g/m2*jour";"0.103396302250816";"A";"DATA_VALIDATE_TECH";
"HDU10";"2026/04/02 00:00";"2026/05/04 00:00";"2026/05/20";"As";"PM@As";"ug/m2*jour";"0.376808681672026";"A";"DATA_VALIDATE_TECH";
"HDU10";"2026/04/02 00:00";"2026/05/04 00:00";"2026/05/20";"Cd";"PM@Cd";"ug/m2*jour";"4.77290996784566E-02";"A";"DATA_VALIDATE_TECH";
"HDU10";"2026/04/02 00:00";"2026/05/04 00:00";"2026/05/20";"Cr";"PM@Cr";"ug/m2*jour";"6.28014469453376";"A";"DATA_VALIDATE_TECH";
"HDU10";"2026/04/02 00:00";"2026/05/04 00:00";"2026/05/20";"Ni";"PM@Ni";"ug/m2*jour";"1.18066720257235";"A";"DATA_VALIDATE_TECH";
"HDU10";"2026/04/02 00:00";"2026/05/04 00:00";"2026/05/20";"Pb";"PM@Pb";"ug/m2*jour";"2.76326366559486";"A";"DATA_VALIDATE_TECH";
"HDU10";"2026/04/02 00:00";"2026/05/04 00:00";"2026/05/20";"Zn";"PM@Zn";"ug/m2*jour";"55.2652733118971";"A";"DATA_VALIDATE_TECH";
"HDU10";"2026/05/04 00:00";"2026/06/05 00:00";"2026/06/29";"PM";"PM";"g/m2*jour";"5.68729903536866E-02";"A";"DATA_VALIDATE_TECH";
"HDU10";"2026/05/04 00:00";"2026/06/05 00:00";"2026/06/29";"As";"PM@As";"ug/m2*jour";"0.326567524115756";"A";"DATA_VALIDATE_TECH";
"HDU10";"2026/05/04 00:00";"2026/06/05 00:00";"2026/06/29";"Cd";"PM@Cd";"ug/m2*jour";"2.76326366559485E-02";"A";"DATA_VALIDATE_TECH";
"HDU10";"2026/05/04 00:00";"2026/06/05 00:00";"2026/06/29";"Cr";"PM@Cr";"ug/m2*jour";"5.02411575562701";"A";"DATA_VALIDATE_TECH";
"HDU10";"2026/05/04 00:00";"2026/06/05 00:00";"2026/06/29";"Ni";"PM@Ni";"ug/m2*jour";"0.929461414790997";"A";"DATA_VALIDATE_TECH";
"HDU10";"2026/05/04 00:00";"2026/06/05 00:00";"2026/06/29";"Pb";"PM@Pb";"ug/m2*jour";"2.31109324758842";"A";"DATA_VALIDATE_TECH";
"HDU10";"2026/05/04 00:00";"2026/06/05 00:00";"2026/06/29";"Zn";"PM@Zn";"ug/m2*jour";"32.1543408360129";"A";"DATA_VALIDATE_TECH";
"HES10B";"2026/02/02 00:00";"2026/03/04 00:00";"2026/03/23";"PM";"PM";"g/m2*jour";"0.050375133976417";"A";"DATA_VALIDATE_TECH";
"HES10B";"2026/02/02 00:00";"2026/03/04 00:00";"2026/03/23";"As";"PM@As";"ug/m2*jour";"0.616291532690246";"A";"DATA_VALIDATE_TECH";
"HES10B";"2026/02/02 00:00";"2026/03/04 00:00";"2026/03/23";"Cd";"PM@Cd";"ug/m2*jour";"5.35905680600214E-02";"A";"DATA_VALIDATE_TECH";
"HES10B";"2026/02/02 00:00";"2026/03/04 00:00";"2026/03/23";"Cr";"PM@Cr";"ug/m2*jour";"13.3976420150054";"A";"DATA_VALIDATE_TECH";
"HES10B";"2026/02/02 00:00";"2026/03/04 00:00";"2026/03/23";"Ni";"PM@Ni";"ug/m2*jour";"3.48338692390139";"A";"DATA_VALIDATE_TECH";
"HES10B";"2026/02/02 00:00";"2026/03/04 00:00";"2026/03/23";"Pb";"PM@Pb";"ug/m2*jour";"3.21543408360129";"A";"DATA_VALIDATE_TECH";
"HES10B";"2026/02/02 00:00";"2026/03/04 00:00";"2026/03/23";"Zn";"PM@Zn";"ug/m2*jour";"129.957127545552";"A";"DATA_VALIDATE_TECH";
"HES10B";"2026/03/04 00:00";"2026/04/02 00:00";"2026/04/30";"PM";"PM";"g/m2*jour";"0.134660161880517";"A";"DATA_VALIDATE_TECH";
"HES10B";"2026/03/04 00:00";"2026/04/02 00:00";"2026/04/30";"As";"PM@As";"ug/m2*jour";"1.33052444838674";"A";"DATA_VALIDATE_TECH";
"HES10B";"2026/03/04 00:00";"2026/04/02 00:00";"2026/04/30";"Cd";"PM@Cd";"ug/m2*jour";"0.102561259563144";"A";"DATA_VALIDATE_TECH";
"HES10B";"2026/03/04 00:00";"2026/04/02 00:00";"2026/04/30";"Cr";"PM@Cr";"ug/m2*jour";"25.7789111874931";"A";"DATA_VALIDATE_TECH";
"HES10B";"2026/03/04 00:00";"2026/04/02 00:00";"2026/04/30";"Ni";"PM@Ni";"ug/m2*jour";"3.88069630779466";"A";"DATA_VALIDATE_TECH";
"HES10B";"2026/03/04 00:00";"2026/04/02 00:00";"2026/04/30";"Pb";"PM@Pb";"ug/m2*jour";"5.82104446169198";"A";"DATA_VALIDATE_TECH";
"HES10B";"2026/03/04 00:00";"2026/04/02 00:00";"2026/04/30";"Zn";"PM@Zn";"ug/m2*jour";"115.312118860184";"A";"DATA_VALIDATE_TECH";
"HES10B";"2026/04/02 00:00";"2026/05/04 00:00";"2026/05/20";"PM";"PM";"g/m2*jour";"0.181395699356909";"A";"DATA_VALIDATE_TECH";
"HES10B";"2026/04/02 00:00";"2026/05/04 00:00";"2026/05/20";"As";"PM@As";"ug/m2*jour";"1.73331993569132";"A";"DATA_VALIDATE_TECH";
"HES10B";"2026/04/02 00:00";"2026/05/04 00:00";"2026/05/20";"Cd";"PM@Cd";"ug/m2*jour";"0.158259646302251";"A";"DATA_VALIDATE_TECH";
"HES10B";"2026/04/02 00:00";"2026/05/04 00:00";"2026/05/20";"Cr";"PM@Cr";"ug/m2*jour";"33.661575562701";"A";"DATA_VALIDATE_TECH";
"HES10B";"2026/04/02 00:00";"2026/05/04 00:00";"2026/05/20";"Ni";"PM@Ni";"ug/m2*jour";"4.52170418006431";"A";"DATA_VALIDATE_TECH";
"HES10B";"2026/04/02 00:00";"2026/05/04 00:00";"2026/05/20";"Pb";"PM@Pb";"ug/m2*jour";"8.03858520900321";"A";"DATA_VALIDATE_TECH";
"HES10B";"2026/04/02 00:00";"2026/05/04 00:00";"2026/05/20";"Zn";"PM@Zn";"ug/m2*jour";"134.897508038585";"A";"DATA_VALIDATE_TECH";
"HES10B";"2026/05/04 00:00";"2026/06/05 00:00";"2026/06/29";"PM";"PM";"g/m2*jour";"7.93559083601141E-02";"A";"DATA_VALIDATE_TECH";
"HES10B";"2026/05/04 00:00";"2026/06/05 00:00";"2026/06/29";"As";"PM@As";"ug/m2*jour";"0.854099678456592";"A";"DATA_VALIDATE_TECH";
"HES10B";"2026/05/04 00:00";"2026/06/05 00:00";"2026/06/29";"Cd";"PM@Cd";"ug/m2*jour";"0.120578778135048";"A";"DATA_VALIDATE_TECH";
"HES10B";"2026/05/04 00:00";"2026/06/05 00:00";"2026/06/29";"Cr";"PM@Cr";"ug/m2*jour";"28.3862540192926";"A";"DATA_VALIDATE_TECH";
"HES10B";"2026/05/04 00:00";"2026/06/05 00:00";"2026/06/29";"Ni";"PM@Ni";"ug/m2*jour";"4.27049839228296";"A";"DATA_VALIDATE_TECH";
"HES10B";"2026/05/04 00:00";"2026/06/05 00:00";"2026/06/29";"Pb";"PM@Pb";"ug/m2*jour";"5.27532154340836";"A";"DATA_VALIDATE_TECH";
"HES10B";"2026/05/04 00:00";"2026/06/05 00:00";"2026/06/29";"Zn";"PM@Zn";"ug/m2*jour";"98.7238745980707";"A";"DATA_VALIDATE_TECH";
"HES10C";"2026/01/05 00:00";"2026/02/02 00:00";"2026/02/26";"PM";"PM";"g/m2*jour";"0.014067524115733";"A";"DATA_VALIDATE_TECH";
"HES10C";"2026/01/05 00:00";"2026/02/02 00:00";"2026/02/26";"As";"PM@As";"ug/m2*jour";"0.232544786403307";"A";"DATA_VALIDATE_TECH";
"HES10C";"2026/01/05 00:00";"2026/02/02 00:00";"2026/02/26";"Cd";"PM@Cd";"ug/m2*jour";"4.59347726228755E-02";"A";"DATA_VALIDATE_TECH";
"HES10C";"2026/01/05 00:00";"2026/02/02 00:00";"2026/02/26";"Cr";"PM@Cr";"ug/m2*jour";"4.30638493339458";"A";"DATA_VALIDATE_TECH";
"HES10C";"2026/01/05 00:00";"2026/02/02 00:00";"2026/02/26";"Ni";"PM@Ni";"ug/m2*jour";"1.60771704180064";"A";"DATA_VALIDATE_TECH";
"HES10C";"2026/01/05 00:00";"2026/02/02 00:00";"2026/02/26";"Pb";"PM@Pb";"ug/m2*jour";"1.98093706936151";"A";"DATA_VALIDATE_TECH";
"HES10C";"2026/01/05 00:00";"2026/02/02 00:00";"2026/02/26";"Zn";"PM@Zn";"ug/m2*jour";"83.2567753789619";"A";"DATA_VALIDATE_TECH";
"HES10C";"2026/02/02 00:00";"2026/03/04 00:00";"2026/03/23";"PM";"PM";"g/m2*jour";"4.75348338692482E-02";"A";"DATA_VALIDATE_TECH";
"HES10C";"2026/02/02 00:00";"2026/03/04 00:00";"2026/03/23";"As";"PM@As";"ug/m2*jour";"0.401929260450161";"A";"DATA_VALIDATE_TECH";
"HES10C";"2026/02/02 00:00";"2026/03/04 00:00";"2026/03/23";"Cd";"PM@Cd";"ug/m2*jour";"8.30653804930332E-02";"A";"DATA_VALIDATE_TECH";
"HES10C";"2026/02/02 00:00";"2026/03/04 00:00";"2026/03/23";"Cr";"PM@Cr";"ug/m2*jour";"10.1822079314041";"A";"DATA_VALIDATE_TECH";
"HES10C";"2026/02/02 00:00";"2026/03/04 00:00";"2026/03/23";"Ni";"PM@Ni";"ug/m2*jour";"3.21543408360129";"A";"DATA_VALIDATE_TECH";
"HES10C";"2026/02/02 00:00";"2026/03/04 00:00";"2026/03/23";"Pb";"PM@Pb";"ug/m2*jour";"2.67952840300107";"A";"DATA_VALIDATE_TECH";
"HES10C";"2026/02/02 00:00";"2026/03/04 00:00";"2026/03/23";"Zn";"PM@Zn";"ug/m2*jour";"107.717041800643";"A";"DATA_VALIDATE_TECH";
"HES10C";"2026/04/02 00:00";"2026/05/04 00:00";"2026/05/20";"PM";"PM";"g/m2*jour";"0.159867363344032";"A";"DATA_VALIDATE_TECH";
"HES10C";"2026/04/02 00:00";"2026/05/04 00:00";"2026/05/20";"As";"PM@As";"ug/m2*jour";"0.778737942122186";"A";"DATA_VALIDATE_TECH";
"HES10C";"2026/04/02 00:00";"2026/05/04 00:00";"2026/05/20";"Cd";"PM@Cd";"ug/m2*jour";"0.145699356913183";"A";"DATA_VALIDATE_TECH";
"HES10C";"2026/04/02 00:00";"2026/05/04 00:00";"2026/05/20";"Cr";"PM@Cr";"ug/m2*jour";"18.0868167202572";"A";"DATA_VALIDATE_TECH";
"HES10C";"2026/04/02 00:00";"2026/05/04 00:00";"2026/05/20";"Ni";"PM@Ni";"ug/m2*jour";"3.26567524115756";"A";"DATA_VALIDATE_TECH";
"HES10C";"2026/04/02 00:00";"2026/05/04 00:00";"2026/05/20";"Pb";"PM@Pb";"ug/m2*jour";"6.28014469453376";"A";"DATA_VALIDATE_TECH";
"HES10C";"2026/04/02 00:00";"2026/05/04 00:00";"2026/05/20";"Zn";"PM@Zn";"ug/m2*jour";"122.337218649518";"A";"DATA_VALIDATE_TECH";
"HES10C";"2026/05/04 00:00";"2026/06/05 00:00";"2026/06/29";"PM";"PM";"g/m2*jour";"6.66700160771275E-02";"A";"DATA_VALIDATE_TECH";
"HES10C";"2026/05/04 00:00";"2026/06/05 00:00";"2026/06/29";"As";"PM@As";"ug/m2*jour";"0.628014469453376";"A";"DATA_VALIDATE_TECH";
"HES10C";"2026/05/04 00:00";"2026/06/05 00:00";"2026/06/29";"Cd";"PM@Cd";"ug/m2*jour";"8.28979099678457E-02";"A";"DATA_VALIDATE_TECH";
"HES10C";"2026/05/04 00:00";"2026/06/05 00:00";"2026/06/29";"Cr";"PM@Cr";"ug/m2*jour";"18.5892282958199";"A";"DATA_VALIDATE_TECH";
"HES10C";"2026/05/04 00:00";"2026/06/05 00:00";"2026/06/29";"Ni";"PM@Ni";"ug/m2*jour";"3.26567524115756";"A";"DATA_VALIDATE_TECH";
"HES10C";"2026/05/04 00:00";"2026/06/05 00:00";"2026/06/29";"Pb";"PM@Pb";"ug/m2*jour";"5.27532154340836";"A";"DATA_VALIDATE_TECH";
"HES10C";"2026/05/04 00:00";"2026/06/05 00:00";"2026/06/29";"Zn";"PM@Zn";"ug/m2*jour";"64.0574758842444";"A";"DATA_VALIDATE_TECH";
"HES14";"2026/01/05 00:00";"2026/02/02 00:00";"2026/02/26";"PM";"PM";"g/m2*jour";"3.58865411116297E-02";"A";"DATA_VALIDATE_TECH";
"HES14";"2026/01/05 00:00";"2026/02/02 00:00";"2026/02/26";"As";"PM@As";"ug/m2*jour";"0.344510794671566";"A";"DATA_VALIDATE_TECH";
"HES14";"2026/01/05 00:00";"2026/02/02 00:00";"2026/02/26";"Cd";"PM@Cd";"ug/m2*jour";"0.183739090491502";"A";"DATA_VALIDATE_TECH";
"HES14";"2026/01/05 00:00";"2026/02/02 00:00";"2026/02/26";"Cr";"PM@Cr";"ug/m2*jour";"8.61276986678916";"A";"DATA_VALIDATE_TECH";
"HES14";"2026/01/05 00:00";"2026/02/02 00:00";"2026/02/26";"Ni";"PM@Ni";"ug/m2*jour";"4.59347726228755";"A";"DATA_VALIDATE_TECH";
"HES14";"2026/01/05 00:00";"2026/02/02 00:00";"2026/02/26";"Pb";"PM@Pb";"ug/m2*jour";"5.1676619200735";"A";"DATA_VALIDATE_TECH";
"HES14";"2026/01/05 00:00";"2026/02/02 00:00";"2026/02/26";"Zn";"PM@Zn";"ug/m2*jour";"218.477262287552";"A";"DATA_VALIDATE_TECH";
"HES14";"2026/02/02 00:00";"2026/03/04 00:00";"2026/03/23";"PM";"PM";"g/m2*jour";"0.10206323687034";"A";"DATA_VALIDATE_TECH";
"HES14";"2026/02/02 00:00";"2026/03/04 00:00";"2026/03/23";"As";"PM@As";"ug/m2*jour";"0.696677384780279";"A";"DATA_VALIDATE_TECH";
"HES14";"2026/02/02 00:00";"2026/03/04 00:00";"2026/03/23";"Cd";"PM@Cd";"ug/m2*jour";"7.23472668810289E-02";"A";"DATA_VALIDATE_TECH";
"HES14";"2026/02/02 00:00";"2026/03/04 00:00";"2026/03/23";"Cr";"PM@Cr";"ug/m2*jour";"16.6130760986066";"A";"DATA_VALIDATE_TECH";
"HES14";"2026/02/02 00:00";"2026/03/04 00:00";"2026/03/23";"Ni";"PM@Ni";"ug/m2*jour";"7.23472668810289";"A";"DATA_VALIDATE_TECH";
"HES14";"2026/02/02 00:00";"2026/03/04 00:00";"2026/03/23";"Pb";"PM@Pb";"ug/m2*jour";"4.01929260450161";"A";"DATA_VALIDATE_TECH";
"HES14";"2026/02/02 00:00";"2026/03/04 00:00";"2026/03/23";"Zn";"PM@Zn";"ug/m2*jour";"162.647374062165";"A";"DATA_VALIDATE_TECH";
"HES14";"2026/03/04 00:00";"2026/04/02 00:00";"2026/04/30";"PM";"PM";"g/m2*jour";"7.58676128172806E-02";"A";"DATA_VALIDATE_TECH";
"HES14";"2026/03/04 00:00";"2026/04/02 00:00";"2026/04/30";"As";"PM@As";"ug/m2*jour";"0.803858520900321";"A";"DATA_VALIDATE_TECH";
"HES14";"2026/03/04 00:00";"2026/04/02 00:00";"2026/04/30";"Cd";"PM@Cd";"ug/m2*jour";"0.108105111431423";"A";"DATA_VALIDATE_TECH";
"HES14";"2026/03/04 00:00";"2026/04/02 00:00";"2026/04/30";"Cr";"PM@Cr";"ug/m2*jour";"21.3438296928706";"A";"DATA_VALIDATE_TECH";
"HES14";"2026/03/04 00:00";"2026/04/02 00:00";"2026/04/30";"Ni";"PM@Ni";"ug/m2*jour";"5.26665927486417";"A";"DATA_VALIDATE_TECH";
"HES14";"2026/03/04 00:00";"2026/04/02 00:00";"2026/04/30";"Pb";"PM@Pb";"ug/m2*jour";"5.26665927486417";"A";"DATA_VALIDATE_TECH";
"HES14";"2026/03/04 00:00";"2026/04/02 00:00";"2026/04/30";"Zn";"PM@Zn";"ug/m2*jour";"122.519126288946";"A";"DATA_VALIDATE_TECH";
"HES14";"2026/04/02 00:00";"2026/05/04 00:00";"2026/05/20";"PM";"PM";"g/m2*jour";"0.123417403536955";"A";"DATA_VALIDATE_TECH";
"HES14";"2026/04/02 00:00";"2026/05/04 00:00";"2026/05/20";"As";"PM@As";"ug/m2*jour";"1.02994372990354";"A";"DATA_VALIDATE_TECH";
"HES14";"2026/04/02 00:00";"2026/05/04 00:00";"2026/05/20";"Cd";"PM@Cd";"ug/m2*jour";"0.165795819935691";"A";"DATA_VALIDATE_TECH";
"HES14";"2026/04/02 00:00";"2026/05/04 00:00";"2026/05/20";"Cr";"PM@Cr";"ug/m2*jour";"32.9079581993569";"A";"DATA_VALIDATE_TECH";
"HES14";"2026/04/02 00:00";"2026/05/04 00:00";"2026/05/20";"Ni";"PM@Ni";"ug/m2*jour";"5.52652733118971";"A";"DATA_VALIDATE_TECH";
"HES14";"2026/04/02 00:00";"2026/05/04 00:00";"2026/05/20";"Pb";"PM@Pb";"ug/m2*jour";"8.54099678456592";"A";"DATA_VALIDATE_TECH";
"HES14";"2026/04/02 00:00";"2026/05/04 00:00";"2026/05/20";"Zn";"PM@Zn";"ug/m2*jour";"119.573954983923";"A";"DATA_VALIDATE_TECH";
"HES15";"2026/01/05 00:00";"2026/02/02 00:00";"2026/02/26";"PM";"PM";"g/m2*jour";"3.21543408360195E-02";"A";"DATA_VALIDATE_TECH";
"HES15";"2026/01/05 00:00";"2026/02/02 00:00";"2026/02/26";"As";"PM@As";"ug/m2*jour";"0.264124942581534";"A";"DATA_VALIDATE_TECH";
"HES15";"2026/01/05 00:00";"2026/02/02 00:00";"2026/02/26";"Cd";"PM@Cd";"ug/m2*jour";"0.221061093247588";"A";"DATA_VALIDATE_TECH";
"HES15";"2026/01/05 00:00";"2026/02/02 00:00";"2026/02/26";"Cr";"PM@Cr";"ug/m2*jour";"7.75149288011024";"A";"DATA_VALIDATE_TECH";
"HES15";"2026/01/05 00:00";"2026/02/02 00:00";"2026/02/26";"Ni";"PM@Ni";"ug/m2*jour";"1.60771704180064";"A";"DATA_VALIDATE_TECH";
"HES15";"2026/01/05 00:00";"2026/02/02 00:00";"2026/02/26";"Pb";"PM@Pb";"ug/m2*jour";"6.02893890675241";"A";"DATA_VALIDATE_TECH";
"HES15";"2026/01/05 00:00";"2026/02/02 00:00";"2026/02/26";"Zn";"PM@Zn";"ug/m2*jour";"113.688562241617";"A";"DATA_VALIDATE_TECH";
"HES15";"2026/02/02 00:00";"2026/03/04 00:00";"2026/03/23";"PM";"PM";"g/m2*jour";"8.02250803858041E-02";"A";"DATA_VALIDATE_TECH";
"HES15";"2026/02/02 00:00";"2026/03/04 00:00";"2026/03/23";"As";"PM@As";"ug/m2*jour";"0.589496248660236";"A";"DATA_VALIDATE_TECH";
"HES15";"2026/02/02 00:00";"2026/03/04 00:00";"2026/03/23";"Cd";"PM@Cd";"ug/m2*jour";"4.82315112540193E-02";"A";"DATA_VALIDATE_TECH";
"HES15";"2026/02/02 00:00";"2026/03/04 00:00";"2026/03/23";"Cr";"PM@Cr";"ug/m2*jour";"12.0578778135048";"A";"DATA_VALIDATE_TECH";
"HES15";"2026/02/02 00:00";"2026/03/04 00:00";"2026/03/23";"Ni";"PM@Ni";"ug/m2*jour";"3.21543408360129";"A";"DATA_VALIDATE_TECH";
"HES15";"2026/02/02 00:00";"2026/03/04 00:00";"2026/03/23";"Pb";"PM@Pb";"ug/m2*jour";"3.48338692390139";"A";"DATA_VALIDATE_TECH";
"HES15";"2026/02/02 00:00";"2026/03/04 00:00";"2026/03/23";"Zn";"PM@Zn";"ug/m2*jour";"188.638799571275";"A";"DATA_VALIDATE_TECH";
"HES15";"2026/04/02 00:00";"2026/05/04 00:00";"2026/05/20";"PM";"PM";"g/m2*jour";"0.199708601286163";"A";"DATA_VALIDATE_TECH";
"HES15";"2026/04/02 00:00";"2026/05/04 00:00";"2026/05/20";"As";"PM@As";"ug/m2*jour";"1.35651125401929";"A";"DATA_VALIDATE_TECH";
"HES15";"2026/04/02 00:00";"2026/05/04 00:00";"2026/05/20";"Cd";"PM@Cd";"ug/m2*jour";"1.4318729903537";"A";"DATA_VALIDATE_TECH";
"HES15";"2026/04/02 00:00";"2026/05/04 00:00";"2026/05/20";"Cr";"PM@Cr";"ug/m2*jour";"45.2170418006431";"A";"DATA_VALIDATE_TECH";
"HES15";"2026/04/02 00:00";"2026/05/04 00:00";"2026/05/20";"Ni";"PM@Ni";"ug/m2*jour";"7.03376205787781";"A";"DATA_VALIDATE_TECH";
"HES15";"2026/04/02 00:00";"2026/05/04 00:00";"2026/05/20";"Pb";"PM@Pb";"ug/m2*jour";"54.2604501607717";"A";"DATA_VALIDATE_TECH";
"HES15";"2026/04/02 00:00";"2026/05/04 00:00";"2026/05/20";"Zn";"PM@Zn";"ug/m2*jour";"633.038585209003";"A";"DATA_VALIDATE_TECH";
"HES15";"2026/05/04 00:00";"2026/06/05 00:00";"2026/06/29";"PM";"PM";"g/m2*jour";"0.160771704180047";"A";"DATA_VALIDATE_TECH";
"HES15";"2026/05/04 00:00";"2026/06/05 00:00";"2026/06/29";"As";"PM@As";"ug/m2*jour";"1.63283762057878";"A";"DATA_VALIDATE_TECH";
"HES15";"2026/05/04 00:00";"2026/06/05 00:00";"2026/06/29";"Cd";"PM@Cd";"ug/m2*jour";"0.552652733118971";"A";"DATA_VALIDATE_TECH";
"HES15";"2026/05/04 00:00";"2026/06/05 00:00";"2026/06/29";"Cr";"PM@Cr";"ug/m2*jour";"59.5357717041801";"A";"DATA_VALIDATE_TECH";
"HES15";"2026/05/04 00:00";"2026/06/05 00:00";"2026/06/29";"Ni";"PM@Ni";"ug/m2*jour";"7.28496784565916";"A";"DATA_VALIDATE_TECH";
"HES15";"2026/05/04 00:00";"2026/06/05 00:00";"2026/06/29";"Pb";"PM@Pb";"ug/m2*jour";"25.120578778135";"A";"DATA_VALIDATE_TECH";
"HES15";"2026/05/04 00:00";"2026/06/05 00:00";"2026/06/29";"Zn";"PM@Zn";"ug/m2*jour";"334.103697749196";"A";"DATA_VALIDATE_TECH";
"HES16";"2026/01/05 00:00";"2026/02/02 00:00";"2026/02/26";"PM";"PM";"g/m2*jour";"4.24896646761832E-02";"A";"DATA_VALIDATE_TECH";
"HES16";"2026/01/05 00:00";"2026/02/02 00:00";"2026/02/26";"As";"PM@As";"ug/m2*jour";"0.172255397335783";"A";"DATA_VALIDATE_TECH";
"HES16";"2026/01/05 00:00";"2026/02/02 00:00";"2026/02/26";"Cd";"PM@Cd";"ug/m2*jour";"6.60312356453835E-02";"A";"DATA_VALIDATE_TECH";
"HES16";"2026/01/05 00:00";"2026/02/02 00:00";"2026/02/26";"Cr";"PM@Cr";"ug/m2*jour";"3.73220027560864";"A";"DATA_VALIDATE_TECH";
"HES16";"2026/01/05 00:00";"2026/02/02 00:00";"2026/02/26";"Ni";"PM@Ni";"ug/m2*jour";"2.18190169958659";"A";"DATA_VALIDATE_TECH";
"HES16";"2026/01/05 00:00";"2026/02/02 00:00";"2026/02/26";"Pb";"PM@Pb";"ug/m2*jour";"2.15319246669729";"A";"DATA_VALIDATE_TECH";
"HES16";"2026/01/05 00:00";"2026/02/02 00:00";"2026/02/26";"Zn";"PM@Zn";"ug/m2*jour";"47.6573265962334";"A";"DATA_VALIDATE_TECH";
"HES16";"2026/02/02 00:00";"2026/03/04 00:00";"2026/03/23";"PM";"PM";"g/m2*jour";"5.66184351554111E-02";"A";"DATA_VALIDATE_TECH";
"HES16";"2026/02/02 00:00";"2026/03/04 00:00";"2026/03/23";"As";"PM@As";"ug/m2*jour";"0.37513397642015";"A";"DATA_VALIDATE_TECH";
"HES16";"2026/02/02 00:00";"2026/03/04 00:00";"2026/03/23";"Cd";"PM@Cd";"ug/m2*jour";"5.09110396570204E-02";"A";"DATA_VALIDATE_TECH";
"HES16";"2026/02/02 00:00";"2026/03/04 00:00";"2026/03/23";"Cr";"PM@Cr";"ug/m2*jour";"4.82315112540193";"A";"DATA_VALIDATE_TECH";
"HES16";"2026/02/02 00:00";"2026/03/04 00:00";"2026/03/23";"Ni";"PM@Ni";"ug/m2*jour";"3.21543408360129";"A";"DATA_VALIDATE_TECH";
"HES16";"2026/02/02 00:00";"2026/03/04 00:00";"2026/03/23";"Pb";"PM@Pb";"ug/m2*jour";"2.35798499464094";"A";"DATA_VALIDATE_TECH";
"HES16";"2026/02/02 00:00";"2026/03/04 00:00";"2026/03/23";"Zn";"PM@Zn";"ug/m2*jour";"85.4769560557342";"A";"DATA_VALIDATE_TECH";
"HES16";"2026/03/04 00:00";"2026/04/02 00:00";"2026/04/30";"PM";"PM";"g/m2*jour";"5.09479986694179E-02";"A";"DATA_VALIDATE_TECH";
"HES16";"2026/03/04 00:00";"2026/04/02 00:00";"2026/04/30";"As";"PM@As";"ug/m2*jour";"0.498946668145027";"A";"DATA_VALIDATE_TECH";
"HES16";"2026/03/04 00:00";"2026/04/02 00:00";"2026/04/30";"Cd";"PM@Cd";"ug/m2*jour";"0.188490963521455";"A";"DATA_VALIDATE_TECH";
"HES16";"2026/03/04 00:00";"2026/04/02 00:00";"2026/04/30";"Cr";"PM@Cr";"ug/m2*jour";"12.1964741102118";"A";"DATA_VALIDATE_TECH";
"HES16";"2026/03/04 00:00";"2026/04/02 00:00";"2026/04/30";"Ni";"PM@Ni";"ug/m2*jour";"2.38385630335957";"A";"DATA_VALIDATE_TECH";
"HES16";"2026/03/04 00:00";"2026/04/02 00:00";"2026/04/30";"Pb";"PM@Pb";"ug/m2*jour";"7.76139261558931";"A";"DATA_VALIDATE_TECH";
"HES16";"2026/03/04 00:00";"2026/04/02 00:00";"2026/04/30";"Zn";"PM@Zn";"ug/m2*jour";"112.263000332631";"A";"DATA_VALIDATE_TECH";
"HES16";"2026/04/02 00:00";"2026/05/04 00:00";"2026/05/20";"PM";"PM";"g/m2*jour";"0.118142081993586";"A";"DATA_VALIDATE_TECH";
"HES16";"2026/04/02 00:00";"2026/05/04 00:00";"2026/05/20";"As";"PM@As";"ug/m2*jour";"1.40675241157556";"A";"DATA_VALIDATE_TECH";
"HES16";"2026/04/02 00:00";"2026/05/04 00:00";"2026/05/20";"Cd";"PM@Cd";"ug/m2*jour";"1.0048231511254";"A";"DATA_VALIDATE_TECH";
"HES16";"2026/04/02 00:00";"2026/05/04 00:00";"2026/05/20";"Cr";"PM@Cr";"ug/m2*jour";"33.4103697749196";"A";"DATA_VALIDATE_TECH";
"HES16";"2026/04/02 00:00";"2026/05/04 00:00";"2026/05/20";"Ni";"PM@Ni";"ug/m2*jour";"5.77773311897106";"A";"DATA_VALIDATE_TECH";
"HES16";"2026/04/02 00:00";"2026/05/04 00:00";"2026/05/20";"Pb";"PM@Pb";"ug/m2*jour";"37.6808681672026";"A";"DATA_VALIDATE_TECH";
"HES16";"2026/04/02 00:00";"2026/05/04 00:00";"2026/05/20";"Zn";"PM@Zn";"ug/m2*jour";"464.730707395498";"A";"DATA_VALIDATE_TECH";
"HES16";"2026/05/04 00:00";"2026/06/05 00:00";"2026/06/29";"PM";"PM";"g/m2*jour";"6.69714630224894E-02";"A";"DATA_VALIDATE_TECH";
"HES16";"2026/05/04 00:00";"2026/06/05 00:00";"2026/06/29";"As";"PM@As";"ug/m2*jour";"0.678255627009646";"A";"DATA_VALIDATE_TECH";
"HES16";"2026/05/04 00:00";"2026/06/05 00:00";"2026/06/29";"Cd";"PM@Cd";"ug/m2*jour";"0.135651125401929";"A";"DATA_VALIDATE_TECH";
"HES16";"2026/05/04 00:00";"2026/06/05 00:00";"2026/06/29";"Cr";"PM@Cr";"ug/m2*jour";"30.3959003215434";"A";"DATA_VALIDATE_TECH";
"HES16";"2026/05/04 00:00";"2026/06/05 00:00";"2026/06/29";"Ni";"PM@Ni";"ug/m2*jour";"3.26567524115756";"A";"DATA_VALIDATE_TECH";
"HES16";"2026/05/04 00:00";"2026/06/05 00:00";"2026/06/29";"Pb";"PM@Pb";"ug/m2*jour";"7.03376205787781";"A";"DATA_VALIDATE_TECH";
"HES16";"2026/05/04 00:00";"2026/06/05 00:00";"2026/06/29";"Zn";"PM@Zn";"ug/m2*jour";"93.6997588424437";"A";"DATA_VALIDATE_TECH";
"HES20C";"2026/01/05 00:00";"2026/02/02 00:00";"2026/02/26";"PM";"PM";"g/m2*jour";"2.87092328893119E-02";"A";"DATA_VALIDATE_TECH";
"HES20C";"2026/01/05 00:00";"2026/02/02 00:00";"2026/02/26";"As";"PM@As";"ug/m2*jour";"1.86610013780432";"A";"DATA_VALIDATE_TECH";
"HES20C";"2026/01/05 00:00";"2026/02/02 00:00";"2026/02/26";"Cd";"PM@Cd";"ug/m2*jour";"0.186610013780432";"A";"DATA_VALIDATE_TECH";
"HES20C";"2026/01/05 00:00";"2026/02/02 00:00";"2026/02/26";"Cr";"PM@Cr";"ug/m2*jour";"45.3605879650896";"A";"DATA_VALIDATE_TECH";
"HES20C";"2026/01/05 00:00";"2026/02/02 00:00";"2026/02/26";"Ni";"PM@Ni";"ug/m2*jour";"18.0868167202572";"A";"DATA_VALIDATE_TECH";
"HES20C";"2026/01/05 00:00";"2026/02/02 00:00";"2026/02/26";"Pb";"PM@Pb";"ug/m2*jour";"6.02893890675241";"A";"DATA_VALIDATE_TECH";
"HES20C";"2026/01/05 00:00";"2026/02/02 00:00";"2026/02/26";"Zn";"PM@Zn";"ug/m2*jour";"135.22048690859";"A";"DATA_VALIDATE_TECH";
"HES20C";"2026/02/02 00:00";"2026/03/04 00:00";"2026/03/23";"PM";"PM";"g/m2*jour";"0.110289389067499";"A";"DATA_VALIDATE_TECH";
"HES20C";"2026/02/02 00:00";"2026/03/04 00:00";"2026/03/23";"As";"PM@As";"ug/m2*jour";"2.94748124330118";"A";"DATA_VALIDATE_TECH";
"HES20C";"2026/02/02 00:00";"2026/03/04 00:00";"2026/03/23";"Cd";"PM@Cd";"ug/m2*jour";"0.37513397642015";"A";"DATA_VALIDATE_TECH";
"HES20C";"2026/02/02 00:00";"2026/03/04 00:00";"2026/03/23";"Cr";"PM@Cr";"ug/m2*jour";"367.095391211147";"A";"DATA_VALIDATE_TECH";
"HES20C";"2026/02/02 00:00";"2026/03/04 00:00";"2026/03/23";"Ni";"PM@Ni";"ug/m2*jour";"30.2786709539121";"A";"DATA_VALIDATE_TECH";
"HES20C";"2026/02/02 00:00";"2026/03/04 00:00";"2026/03/23";"Pb";"PM@Pb";"ug/m2*jour";"20.6323687031083";"A";"DATA_VALIDATE_TECH";
"HES20C";"2026/02/02 00:00";"2026/03/04 00:00";"2026/03/23";"Zn";"PM@Zn";"ug/m2*jour";"364.415862808146";"A";"DATA_VALIDATE_TECH";
"HES20C";"2026/03/04 00:00";"2026/04/02 00:00";"2026/04/30";"PM";"PM";"g/m2*jour";"0.10752300698527";"A";"DATA_VALIDATE_TECH";
"HES20C";"2026/03/04 00:00";"2026/04/02 00:00";"2026/04/30";"As";"PM@As";"ug/m2*jour";"3.04911852755294";"A";"DATA_VALIDATE_TECH";
"HES20C";"2026/03/04 00:00";"2026/04/02 00:00";"2026/04/30";"Cd";"PM@Cd";"ug/m2*jour";"0.831577780241712";"A";"DATA_VALIDATE_TECH";
"HES20C";"2026/03/04 00:00";"2026/04/02 00:00";"2026/04/30";"Cr";"PM@Cr";"ug/m2*jour";"252.245260006653";"A";"DATA_VALIDATE_TECH";
"HES20C";"2026/03/04 00:00";"2026/04/02 00:00";"2026/04/30";"Ni";"PM@Ni";"ug/m2*jour";"35.2034593635658";"A";"DATA_VALIDATE_TECH";
"HES20C";"2026/03/04 00:00";"2026/04/02 00:00";"2026/04/30";"Pb";"PM@Pb";"ug/m2*jour";"35.2034593635658";"A";"DATA_VALIDATE_TECH";
"HES20C";"2026/03/04 00:00";"2026/04/02 00:00";"2026/04/30";"Zn";"PM@Zn";"ug/m2*jour";"670.806076061648";"A";"DATA_VALIDATE_TECH";
"HES20C";"2026/04/02 00:00";"2026/05/04 00:00";"2026/05/20";"PM";"PM";"g/m2*jour";"0.143137057877767";"A";"DATA_VALIDATE_TECH";
"HES20C";"2026/04/02 00:00";"2026/05/04 00:00";"2026/05/20";"As";"PM@As";"ug/m2*jour";"2.36133440514469";"A";"DATA_VALIDATE_TECH";
"HES20C";"2026/04/02 00:00";"2026/05/04 00:00";"2026/05/20";"Cd";"PM@Cd";"ug/m2*jour";"0.979702572347267";"A";"DATA_VALIDATE_TECH";
"HES20C";"2026/04/02 00:00";"2026/05/04 00:00";"2026/05/20";"Cr";"PM@Cr";"ug/m2*jour";"580.28536977492";"A";"DATA_VALIDATE_TECH";
"HES20C";"2026/04/02 00:00";"2026/05/04 00:00";"2026/05/20";"Ni";"PM@Ni";"ug/m2*jour";"21.6036977491961";"A";"DATA_VALIDATE_TECH";
"HES20C";"2026/04/02 00:00";"2026/05/04 00:00";"2026/05/20";"Pb";"PM@Pb";"ug/m2*jour";"37.9320739549839";"A";"DATA_VALIDATE_TECH";
"HES20C";"2026/04/02 00:00";"2026/05/04 00:00";"2026/05/20";"Zn";"PM@Zn";"ug/m2*jour";"748.593247588424";"A";"DATA_VALIDATE_TECH";
"HES20C";"2026/05/04 00:00";"2026/06/05 00:00";"2026/06/29";"PM";"PM";"g/m2*jour";"0.131682073954943";"A";"DATA_VALIDATE_TECH";
"HES20C";"2026/05/04 00:00";"2026/06/05 00:00";"2026/06/29";"As";"PM@As";"ug/m2*jour";"1.08018488745981";"A";"DATA_VALIDATE_TECH";
"HES20C";"2026/05/04 00:00";"2026/06/05 00:00";"2026/06/29";"Cd";"PM@Cd";"ug/m2*jour";"0.452170418006431";"A";"DATA_VALIDATE_TECH";
"HES20C";"2026/05/04 00:00";"2026/06/05 00:00";"2026/06/29";"Cr";"PM@Cr";"ug/m2*jour";"176.848874598071";"A";"DATA_VALIDATE_TECH";
"HES20C";"2026/05/04 00:00";"2026/06/05 00:00";"2026/06/29";"Ni";"PM@Ni";"ug/m2*jour";"19.342845659164";"A";"DATA_VALIDATE_TECH";
"HES20C";"2026/05/04 00:00";"2026/06/05 00:00";"2026/06/29";"Pb";"PM@Pb";"ug/m2*jour";"14.8211414790997";"A";"DATA_VALIDATE_TECH";
"HES20C";"2026/05/04 00:00";"2026/06/05 00:00";"2026/06/29";"Zn";"PM@Zn";"ug/m2*jour";"273.814308681672";"A";"DATA_VALIDATE_TECH";
"HES20D";"2026/01/05 00:00";"2026/02/02 00:00";"2026/02/26";"PM";"PM";"g/m2*jour";"3.07188791915478E-02";"A";"DATA_VALIDATE_TECH";
"HES20D";"2026/01/05 00:00";"2026/02/02 00:00";"2026/02/26";"As";"PM@As";"ug/m2*jour";"1.49288011024345";"A";"DATA_VALIDATE_TECH";
"HES20D";"2026/01/05 00:00";"2026/02/02 00:00";"2026/02/26";"Cd";"PM@Cd";"ug/m2*jour";"0.20957740009187";"A";"DATA_VALIDATE_TECH";
"HES20D";"2026/01/05 00:00";"2026/02/02 00:00";"2026/02/26";"Cr";"PM@Cr";"ug/m2*jour";"49.3798805695912";"A";"DATA_VALIDATE_TECH";
"HES20D";"2026/01/05 00:00";"2026/02/02 00:00";"2026/02/26";"Ni";"PM@Ni";"ug/m2*jour";"16.0771704180064";"A";"DATA_VALIDATE_TECH";
"HES20D";"2026/01/05 00:00";"2026/02/02 00:00";"2026/02/26";"Pb";"PM@Pb";"ug/m2*jour";"5.74184657785944";"A";"DATA_VALIDATE_TECH";
"HES20D";"2026/01/05 00:00";"2026/02/02 00:00";"2026/02/26";"Zn";"PM@Zn";"ug/m2*jour";"125.172255397336";"A";"DATA_VALIDATE_TECH";
"HES20D";"2026/02/02 00:00";"2026/03/04 00:00";"2026/03/23";"PM";"PM";"g/m2*jour";"7.14898177920657E-02";"A";"DATA_VALIDATE_TECH";
"HES20D";"2026/02/02 00:00";"2026/03/04 00:00";"2026/03/23";"As";"PM@As";"ug/m2*jour";"1.55412647374062";"A";"DATA_VALIDATE_TECH";
"HES20D";"2026/02/02 00:00";"2026/03/04 00:00";"2026/03/23";"Cd";"PM@Cd";"ug/m2*jour";"0.267952840300107";"A";"DATA_VALIDATE_TECH";
"HES20D";"2026/02/02 00:00";"2026/03/04 00:00";"2026/03/23";"Cr";"PM@Cr";"ug/m2*jour";"195.605573419078";"A";"DATA_VALIDATE_TECH";
"HES20D";"2026/02/02 00:00";"2026/03/04 00:00";"2026/03/23";"Ni";"PM@Ni";"ug/m2*jour";"19.0246516613076";"A";"DATA_VALIDATE_TECH";
"HES20D";"2026/02/02 00:00";"2026/03/04 00:00";"2026/03/23";"Pb";"PM@Pb";"ug/m2*jour";"12.3258306538049";"A";"DATA_VALIDATE_TECH";
"HES20D";"2026/02/02 00:00";"2026/03/04 00:00";"2026/03/23";"Zn";"PM@Zn";"ug/m2*jour";"253.751339764201";"A";"DATA_VALIDATE_TECH";
"HES20D";"2026/03/04 00:00";"2026/04/02 00:00";"2026/04/30";"PM";"PM";"g/m2*jour";"8.64009313670829E-02";"A";"DATA_VALIDATE_TECH";
"HES20D";"2026/03/04 00:00";"2026/04/02 00:00";"2026/04/30";"As";"PM@As";"ug/m2*jour";"2.57789111874931";"A";"DATA_VALIDATE_TECH";
"HES20D";"2026/03/04 00:00";"2026/04/02 00:00";"2026/04/30";"Cd";"PM@Cd";"ug/m2*jour";"0.554385186827808";"A";"DATA_VALIDATE_TECH";
"HES20D";"2026/03/04 00:00";"2026/04/02 00:00";"2026/04/30";"Cr";"PM@Cr";"ug/m2*jour";"168.810289389068";"A";"DATA_VALIDATE_TECH";
"HES20D";"2026/03/04 00:00";"2026/04/02 00:00";"2026/04/30";"Ni";"PM@Ni";"ug/m2*jour";"27.9964519348043";"A";"DATA_VALIDATE_TECH";
"HES20D";"2026/03/04 00:00";"2026/04/02 00:00";"2026/04/30";"Pb";"PM@Pb";"ug/m2*jour";"17.7403259784899";"A";"DATA_VALIDATE_TECH";
"HES20D";"2026/03/04 00:00";"2026/04/02 00:00";"2026/04/30";"Zn";"PM@Zn";"ug/m2*jour";"363.122297372214";"A";"DATA_VALIDATE_TECH";
"HES20D";"2026/04/02 00:00";"2026/05/04 00:00";"2026/05/20";"PM";"PM";"g/m2*jour";"0.129923633440487";"A";"DATA_VALIDATE_TECH";
"HES20D";"2026/04/02 00:00";"2026/05/04 00:00";"2026/05/20";"As";"PM@As";"ug/m2*jour";"1.75844051446945";"A";"DATA_VALIDATE_TECH";
"HES20D";"2026/04/02 00:00";"2026/05/04 00:00";"2026/05/20";"Cd";"PM@Cd";"ug/m2*jour";"0.753617363344051";"A";"DATA_VALIDATE_TECH";
"HES20D";"2026/04/02 00:00";"2026/05/04 00:00";"2026/05/20";"Cr";"PM@Cr";"ug/m2*jour";"258.741961414791";"A";"DATA_VALIDATE_TECH";
"HES20D";"2026/04/02 00:00";"2026/05/04 00:00";"2026/05/20";"Ni";"PM@Ni";"ug/m2*jour";"14.5699356913183";"A";"DATA_VALIDATE_TECH";
"HES20D";"2026/04/02 00:00";"2026/05/04 00:00";"2026/05/20";"Pb";"PM@Pb";"ug/m2*jour";"22.3573151125402";"A";"DATA_VALIDATE_TECH";
"HES20D";"2026/04/02 00:00";"2026/05/04 00:00";"2026/05/20";"Zn";"PM@Zn";"ug/m2*jour";"396.905144694534";"A";"DATA_VALIDATE_TECH";
"HES20D";"2026/05/04 00:00";"2026/06/05 00:00";"2026/06/29";"PM";"PM";"g/m2*jour";"0.113243569131865";"A";"DATA_VALIDATE_TECH";
"HES20D";"2026/05/04 00:00";"2026/06/05 00:00";"2026/06/29";"As";"PM@As";"ug/m2*jour";"2.76326366559486";"A";"DATA_VALIDATE_TECH";
"HES20D";"2026/05/04 00:00";"2026/06/05 00:00";"2026/06/29";"Cd";"PM@Cd";"ug/m2*jour";"0.628014469453376";"A";"DATA_VALIDATE_TECH";
"HES20D";"2026/05/04 00:00";"2026/06/05 00:00";"2026/06/29";"Cr";"PM@Cr";"ug/m2*jour";"291.398713826367";"A";"DATA_VALIDATE_TECH";
"HES20D";"2026/05/04 00:00";"2026/06/05 00:00";"2026/06/29";"Ni";"PM@Ni";"ug/m2*jour";"32.4055466237942";"A";"DATA_VALIDATE_TECH";
"HES20D";"2026/05/04 00:00";"2026/06/05 00:00";"2026/06/29";"Pb";"PM@Pb";"ug/m2*jour";"27.6326366559485";"A";"DATA_VALIDATE_TECH";
"HES20D";"2026/05/04 00:00";"2026/06/05 00:00";"2026/06/29";"Zn";"PM@Zn";"ug/m2*jour";"411.977491961415";"A";"DATA_VALIDATE_TECH";
"HES21";"2026/01/05 00:00";"2026/02/02 00:00";"2026/02/26";"PM";"PM";"g/m2*jour";"3.58865411116705E-02";"A";"DATA_VALIDATE_TECH";
"HES21";"2026/01/05 00:00";"2026/02/02 00:00";"2026/02/26";"As";"PM@As";"ug/m2*jour";"1.98093706936151";"A";"DATA_VALIDATE_TECH";
"HES21";"2026/01/05 00:00";"2026/02/02 00:00";"2026/02/26";"Cd";"PM@Cd";"ug/m2*jour";"0.315801561782269";"A";"DATA_VALIDATE_TECH";
"HES21";"2026/01/05 00:00";"2026/02/02 00:00";"2026/02/26";"Cr";"PM@Cr";"ug/m2*jour";"23.8286632981167";"A";"DATA_VALIDATE_TECH";
"HES21";"2026/01/05 00:00";"2026/02/02 00:00";"2026/02/26";"Ni";"PM@Ni";"ug/m2*jour";"10.048231511254";"A";"DATA_VALIDATE_TECH";
"HES21";"2026/01/05 00:00";"2026/02/02 00:00";"2026/02/26";"Pb";"PM@Pb";"ug/m2*jour";"7.46440055121727";"A";"DATA_VALIDATE_TECH";
"HES21";"2026/01/05 00:00";"2026/02/02 00:00";"2026/02/26";"Zn";"PM@Zn";"ug/m2*jour";"106.798346348186";"A";"DATA_VALIDATE_TECH";
"HES21";"2026/02/02 00:00";"2026/03/04 00:00";"2026/03/23";"PM";"PM";"g/m2*jour";"6.17095391211298E-02";"A";"DATA_VALIDATE_TECH";
"HES21";"2026/02/02 00:00";"2026/03/04 00:00";"2026/03/23";"As";"PM@As";"ug/m2*jour";"1.39335476956056";"A";"DATA_VALIDATE_TECH";
"HES21";"2026/02/02 00:00";"2026/03/04 00:00";"2026/03/23";"Cd";"PM@Cd";"ug/m2*jour";"0.155412647374062";"A";"DATA_VALIDATE_TECH";
"HES21";"2026/02/02 00:00";"2026/03/04 00:00";"2026/03/23";"Cr";"PM@Cr";"ug/m2*jour";"45.8199356913183";"A";"DATA_VALIDATE_TECH";
"HES21";"2026/02/02 00:00";"2026/03/04 00:00";"2026/03/23";"Ni";"PM@Ni";"ug/m2*jour";"10.1822079314041";"A";"DATA_VALIDATE_TECH";
"HES21";"2026/02/02 00:00";"2026/03/04 00:00";"2026/03/23";"Pb";"PM@Pb";"ug/m2*jour";"9.37834941050375";"A";"DATA_VALIDATE_TECH";
"HES21";"2026/02/02 00:00";"2026/03/04 00:00";"2026/03/23";"Zn";"PM@Zn";"ug/m2*jour";"142.015005359057";"A";"DATA_VALIDATE_TECH";
"HES21";"2026/03/04 00:00";"2026/04/02 00:00";"2026/04/30";"PM";"PM";"g/m2*jour";"0.090281627674967";"A";"DATA_VALIDATE_TECH";
"HES21";"2026/03/04 00:00";"2026/04/02 00:00";"2026/04/30";"As";"PM@As";"ug/m2*jour";"0.942454817607274";"A";"DATA_VALIDATE_TECH";
"HES21";"2026/03/04 00:00";"2026/04/02 00:00";"2026/04/30";"Cd";"PM@Cd";"ug/m2*jour";"0.157999778245925";"A";"DATA_VALIDATE_TECH";
"HES21";"2026/03/04 00:00";"2026/04/02 00:00";"2026/04/30";"Cr";"PM@Cr";"ug/m2*jour";"37.9753852977048";"A";"DATA_VALIDATE_TECH";
"HES21";"2026/03/04 00:00";"2026/04/02 00:00";"2026/04/30";"Ni";"PM@Ni";"ug/m2*jour";"4.43508149462246";"A";"DATA_VALIDATE_TECH";
"HES21";"2026/03/04 00:00";"2026/04/02 00:00";"2026/04/30";"Pb";"PM@Pb";"ug/m2*jour";"8.31577780241712";"A";"DATA_VALIDATE_TECH";
"HES21";"2026/03/04 00:00";"2026/04/02 00:00";"2026/04/30";"Zn";"PM@Zn";"ug/m2*jour";"130.834904091363";"A";"DATA_VALIDATE_TECH";
"HES21";"2026/04/02 00:00";"2026/05/04 00:00";"2026/05/20";"PM";"PM";"g/m2*jour";"0.119548834405179";"A";"DATA_VALIDATE_TECH";
"HES21";"2026/04/02 00:00";"2026/05/04 00:00";"2026/05/20";"As";"PM@As";"ug/m2*jour";"1.30627009646302";"A";"DATA_VALIDATE_TECH";
"HES21";"2026/04/02 00:00";"2026/05/04 00:00";"2026/05/20";"Cd";"PM@Cd";"ug/m2*jour";"0.276326366559486";"A";"DATA_VALIDATE_TECH";
"HES21";"2026/04/02 00:00";"2026/05/04 00:00";"2026/05/20";"Cr";"PM@Cr";"ug/m2*jour";"68.83038585209";"A";"DATA_VALIDATE_TECH";
"HES21";"2026/04/02 00:00";"2026/05/04 00:00";"2026/05/20";"Ni";"PM@Ni";"ug/m2*jour";"6.78255627009646";"A";"DATA_VALIDATE_TECH";
"HES21";"2026/04/02 00:00";"2026/05/04 00:00";"2026/05/20";"Pb";"PM@Pb";"ug/m2*jour";"12.0578778135048";"A";"DATA_VALIDATE_TECH";
"HES21";"2026/04/02 00:00";"2026/05/04 00:00";"2026/05/20";"Zn";"PM@Zn";"ug/m2*jour";"194.433279742765";"A";"DATA_VALIDATE_TECH";
"HES21";"2026/05/04 00:00";"2026/06/05 00:00";"2026/06/29";"PM";"PM";"g/m2*jour";"0.135198954983999";"A";"DATA_VALIDATE_TECH";
"HES21";"2026/05/04 00:00";"2026/06/05 00:00";"2026/06/29";"As";"PM@As";"ug/m2*jour";"1.58259646302251";"A";"DATA_VALIDATE_TECH";
"HES21";"2026/05/04 00:00";"2026/06/05 00:00";"2026/06/29";"Cd";"PM@Cd";"ug/m2*jour";"0.226085209003215";"A";"DATA_VALIDATE_TECH";
"HES21";"2026/05/04 00:00";"2026/06/05 00:00";"2026/06/29";"Cr";"PM@Cr";"ug/m2*jour";"75.6129421221865";"A";"DATA_VALIDATE_TECH";
"HES21";"2026/05/04 00:00";"2026/06/05 00:00";"2026/06/29";"Ni";"PM@Ni";"ug/m2*jour";"9.29461414790997";"A";"DATA_VALIDATE_TECH";
"HES21";"2026/05/04 00:00";"2026/06/05 00:00";"2026/06/29";"Pb";"PM@Pb";"ug/m2*jour";"17.3331993569132";"A";"DATA_VALIDATE_TECH";
"HES21";"2026/05/04 00:00";"2026/06/05 00:00";"2026/06/29";"Zn";"PM@Zn";"ug/m2*jour";"202.974276527331";"A";"DATA_VALIDATE_TECH";
"HES22A";"2026/01/05 00:00";"2026/02/02 00:00";"";"PM";"PM";"g/m2*jour";"1.11966008268712E-02";"A";"DATA_VALIDATE_TECH";
"HES22A";"2026/01/05 00:00";"2026/02/02 00:00";"";"As";"PM@As";"ug/m2*jour";"0.488056959118052";"A";"DATA_VALIDATE_TECH";
"HES22A";"2026/01/05 00:00";"2026/02/02 00:00";"";"Cd";"PM@Cd";"ug/m2*jour";"0.10048231511254";"A";"DATA_VALIDATE_TECH";
"HES22A";"2026/01/05 00:00";"2026/02/02 00:00";"";"Cr";"PM@Cr";"ug/m2*jour";"11.1966008268259";"A";"DATA_VALIDATE_TECH";
"HES22A";"2026/01/05 00:00";"2026/02/02 00:00";"";"Ni";"PM@Ni";"ug/m2*jour";"5.45475424896647";"A";"DATA_VALIDATE_TECH";
"HES22A";"2026/01/05 00:00";"2026/02/02 00:00";"";"Pb";"PM@Pb";"ug/m2*jour";"4.01929260450161";"A";"DATA_VALIDATE_TECH";
"HES22A";"2026/01/05 00:00";"2026/02/02 00:00";"";"Zn";"PM@Zn";"ug/m2*jour";"86.4147909967846";"A";"DATA_VALIDATE_TECH";
"HES22A";"2026/02/02 00:00";"2026/03/04 00:00";"2026/03/23";"PM";"PM";"g/m2*jour";"7.14898177920657E-02";"A";"DATA_VALIDATE_TECH";
"HES22A";"2026/02/02 00:00";"2026/03/04 00:00";"2026/03/23";"As";"PM@As";"ug/m2*jour";"1.84887459807074";"A";"DATA_VALIDATE_TECH";
"HES22A";"2026/02/02 00:00";"2026/03/04 00:00";"2026/03/23";"Cd";"PM@Cd";"ug/m2*jour";"0.133976420150054";"A";"DATA_VALIDATE_TECH";
"HES22A";"2026/02/02 00:00";"2026/03/04 00:00";"2026/03/23";"Cr";"PM@Cr";"ug/m2*jour";"47.9635584137192";"A";"DATA_VALIDATE_TECH";
"HES22A";"2026/02/02 00:00";"2026/03/04 00:00";"2026/03/23";"Ni";"PM@Ni";"ug/m2*jour";"21.7041800643087";"A";"DATA_VALIDATE_TECH";
"HES22A";"2026/02/02 00:00";"2026/03/04 00:00";"2026/03/23";"Pb";"PM@Pb";"ug/m2*jour";"7.502679528403";"A";"DATA_VALIDATE_TECH";
"HES22A";"2026/02/02 00:00";"2026/03/04 00:00";"2026/03/23";"Zn";"PM@Zn";"ug/m2*jour";"160.771704180064";"A";"DATA_VALIDATE_TECH";
"HES22A";"2026/04/02 00:00";"2026/05/04 00:00";"2026/05/20";"PM";"PM";"g/m2*jour";"9.56340434083719E-02";"A";"DATA_VALIDATE_TECH";
"HES22A";"2026/04/02 00:00";"2026/05/04 00:00";"2026/05/20";"As";"PM@As";"ug/m2*jour";"1.30627009646302";"A";"DATA_VALIDATE_TECH";
"HES22A";"2026/04/02 00:00";"2026/05/04 00:00";"2026/05/20";"Cd";"PM@Cd";"ug/m2*jour";"0.351688102893891";"A";"DATA_VALIDATE_TECH";
"HES22A";"2026/04/02 00:00";"2026/05/04 00:00";"2026/05/20";"Cr";"PM@Cr";"ug/m2*jour";"73.854501607717";"A";"DATA_VALIDATE_TECH";
"HES22A";"2026/04/02 00:00";"2026/05/04 00:00";"2026/05/20";"Ni";"PM@Ni";"ug/m2*jour";"12.5602893890675";"A";"DATA_VALIDATE_TECH";
"HES22A";"2026/04/02 00:00";"2026/05/04 00:00";"2026/05/20";"Pb";"PM@Pb";"ug/m2*jour";"15.8259646302251";"A";"DATA_VALIDATE_TECH";
"HES22A";"2026/04/02 00:00";"2026/05/04 00:00";"2026/05/20";"Zn";"PM@Zn";"ug/m2*jour";"232.365353697749";"A";"DATA_VALIDATE_TECH";
"HES22A";"2026/05/04 00:00";"2026/06/05 00:00";"2026/06/29";"PM";"PM";"g/m2*jour";"6.86294212219085E-02";"A";"DATA_VALIDATE_TECH";
"HES22A";"2026/05/04 00:00";"2026/06/05 00:00";"2026/06/29";"As";"PM@As";"ug/m2*jour";"1.68307877813505";"A";"DATA_VALIDATE_TECH";
"HES22A";"2026/05/04 00:00";"2026/06/05 00:00";"2026/06/29";"Cd";"PM@Cd";"ug/m2*jour";"0.351688102893891";"A";"DATA_VALIDATE_TECH";
"HES22A";"2026/05/04 00:00";"2026/06/05 00:00";"2026/06/29";"Cr";"PM@Cr";"ug/m2*jour";"84.1539389067524";"A";"DATA_VALIDATE_TECH";
"HES22A";"2026/05/04 00:00";"2026/06/05 00:00";"2026/06/29";"Ni";"PM@Ni";"ug/m2*jour";"16.3283762057878";"A";"DATA_VALIDATE_TECH";
"HES22A";"2026/05/04 00:00";"2026/06/05 00:00";"2026/06/29";"Pb";"PM@Pb";"ug/m2*jour";"13.5651125401929";"A";"DATA_VALIDATE_TECH";
"HES22A";"2026/05/04 00:00";"2026/06/05 00:00";"2026/06/29";"Zn";"PM@Zn";"ug/m2*jour";"223.573151125402";"A";"DATA_VALIDATE_TECH";
"HES23";"2026/01/05 00:00";"2026/02/02 00:00";"2026/02/26";"PM";"PM";"g/m2*jour";"2.95705098759786E-02";"A";"DATA_VALIDATE_TECH";
"HES23";"2026/01/05 00:00";"2026/02/02 00:00";"2026/02/26";"As";"PM@As";"ug/m2*jour";"1.0048231511254";"A";"DATA_VALIDATE_TECH";
"HES23";"2026/01/05 00:00";"2026/02/02 00:00";"2026/02/26";"Cd";"PM@Cd";"ug/m2*jour";"0.134933394579697";"A";"DATA_VALIDATE_TECH";
"HES23";"2026/01/05 00:00";"2026/02/02 00:00";"2026/02/26";"Cr";"PM@Cr";"ug/m2*jour";"18.6610013780432";"A";"DATA_VALIDATE_TECH";
"HES23";"2026/01/05 00:00";"2026/02/02 00:00";"2026/02/26";"Ni";"PM@Ni";"ug/m2*jour";"10.9095084979329";"A";"DATA_VALIDATE_TECH";
"HES23";"2026/01/05 00:00";"2026/02/02 00:00";"2026/02/26";"Pb";"PM@Pb";"ug/m2*jour";"4.30638493339458";"A";"DATA_VALIDATE_TECH";
"HES23";"2026/01/05 00:00";"2026/02/02 00:00";"2026/02/26";"Zn";"PM@Zn";"ug/m2*jour";"103.927423059256";"A";"DATA_VALIDATE_TECH";
"HES23";"2026/02/02 00:00";"2026/03/04 00:00";"2026/03/23";"PM";"PM";"g/m2*jour";"7.68220793140169E-02";"A";"DATA_VALIDATE_TECH";
"HES23";"2026/02/02 00:00";"2026/03/04 00:00";"2026/03/23";"As";"PM@As";"ug/m2*jour";"2.67952840300107";"A";"DATA_VALIDATE_TECH";
"HES23";"2026/02/02 00:00";"2026/03/04 00:00";"2026/03/23";"Cd";"PM@Cd";"ug/m2*jour";"0.22508038585209";"A";"DATA_VALIDATE_TECH";
"HES23";"2026/02/02 00:00";"2026/03/04 00:00";"2026/03/23";"Cr";"PM@Cr";"ug/m2*jour";"54.6623794212219";"A";"DATA_VALIDATE_TECH";
"HES23";"2026/02/02 00:00";"2026/03/04 00:00";"2026/03/23";"Ni";"PM@Ni";"ug/m2*jour";"33.2261521972133";"A";"DATA_VALIDATE_TECH";
"HES23";"2026/02/02 00:00";"2026/03/04 00:00";"2026/03/23";"Pb";"PM@Pb";"ug/m2*jour";"12.3258306538049";"A";"DATA_VALIDATE_TECH";
"HES23";"2026/02/02 00:00";"2026/03/04 00:00";"2026/03/23";"Zn";"PM@Zn";"ug/m2*jour";"191.050375133976";"A";"DATA_VALIDATE_TECH";
"HES23";"2026/03/04 00:00";"2026/04/02 00:00";"2026/04/30";"PM";"PM";"g/m2*jour";"0.107107218095096";"A";"DATA_VALIDATE_TECH";
"HES23";"2026/03/04 00:00";"2026/04/02 00:00";"2026/04/30";"As";"PM@As";"ug/m2*jour";"2.18982148796984";"A";"DATA_VALIDATE_TECH";
"HES23";"2026/03/04 00:00";"2026/04/02 00:00";"2026/04/30";"Cd";"PM@Cd";"ug/m2*jour";"0.443508149462246";"A";"DATA_VALIDATE_TECH";
"HES23";"2026/03/04 00:00";"2026/04/02 00:00";"2026/04/30";"Cr";"PM@Cr";"ug/m2*jour";"102.006874376317";"A";"DATA_VALIDATE_TECH";
"HES23";"2026/03/04 00:00";"2026/04/02 00:00";"2026/04/30";"Ni";"PM@Ni";"ug/m2*jour";"22.4526000665262";"A";"DATA_VALIDATE_TECH";
"HES23";"2026/03/04 00:00";"2026/04/02 00:00";"2026/04/30";"Pb";"PM@Pb";"ug/m2*jour";"19.9578667258011";"A";"DATA_VALIDATE_TECH";
"HES23";"2026/03/04 00:00";"2026/04/02 00:00";"2026/04/30";"Zn";"PM@Zn";"ug/m2*jour";"274.975052666593";"A";"DATA_VALIDATE_TECH";
"HES23";"2026/04/02 00:00";"2026/05/04 00:00";"2026/05/20";"PM";"PM";"g/m2*jour";"0.201366559485547";"A";"DATA_VALIDATE_TECH";
"HES23";"2026/04/02 00:00";"2026/05/04 00:00";"2026/05/20";"As";"PM@As";"ug/m2*jour";"2.36133440514469";"A";"DATA_VALIDATE_TECH";
"HES23";"2026/04/02 00:00";"2026/05/04 00:00";"2026/05/20";"Cd";"PM@Cd";"ug/m2*jour";"0.477290996784566";"A";"DATA_VALIDATE_TECH";
"HES23";"2026/04/02 00:00";"2026/05/04 00:00";"2026/05/20";"Cr";"PM@Cr";"ug/m2*jour";"75.1105305466238";"A";"DATA_VALIDATE_TECH";
"HES23";"2026/04/02 00:00";"2026/05/04 00:00";"2026/05/20";"Ni";"PM@Ni";"ug/m2*jour";"18.0868167202572";"A";"DATA_VALIDATE_TECH";
"HES23";"2026/04/02 00:00";"2026/05/04 00:00";"2026/05/20";"Pb";"PM@Pb";"ug/m2*jour";"21.1012861736334";"A";"DATA_VALIDATE_TECH";
"HES23";"2026/04/02 00:00";"2026/05/04 00:00";"2026/05/20";"Zn";"PM@Zn";"ug/m2*jour";"281.350482315113";"A";"DATA_VALIDATE_TECH";
"HES23";"2026/05/04 00:00";"2026/06/05 00:00";"2026/06/29";"PM";"PM";"g/m2*jour";"0.116484123794202";"A";"DATA_VALIDATE_TECH";
"HES23";"2026/05/04 00:00";"2026/06/05 00:00";"2026/06/29";"As";"PM@As";"ug/m2*jour";"2.76326366559486";"A";"DATA_VALIDATE_TECH";
"HES23";"2026/05/04 00:00";"2026/06/05 00:00";"2026/06/29";"Cd";"PM@Cd";"ug/m2*jour";"0.401929260450161";"A";"DATA_VALIDATE_TECH";
"HES23";"2026/05/04 00:00";"2026/06/05 00:00";"2026/06/29";"Cr";"PM@Cr";"ug/m2*jour";"142.936093247588";"A";"DATA_VALIDATE_TECH";
"HES23";"2026/05/04 00:00";"2026/06/05 00:00";"2026/06/29";"Ni";"PM@Ni";"ug/m2*jour";"32.1543408360129";"A";"DATA_VALIDATE_TECH";
"HES23";"2026/05/04 00:00";"2026/06/05 00:00";"2026/06/29";"Pb";"PM@Pb";"ug/m2*jour";"23.1109324758842";"A";"DATA_VALIDATE_TECH";
"HES23";"2026/05/04 00:00";"2026/06/05 00:00";"2026/06/29";"Zn";"PM@Zn";"ug/m2*jour";"298.934887459807";"A";"DATA_VALIDATE_TECH";
"HES24A";"2026/01/05 00:00";"2026/02/02 00:00";"2026/02/26";"PM";"PM";"g/m2*jour";"2.00964630225224E-02";"A";"DATA_VALIDATE_TECH";
"HES24A";"2026/01/05 00:00";"2026/02/02 00:00";"2026/02/26";"As";"PM@As";"ug/m2*jour";"0.71773082223243";"A";"DATA_VALIDATE_TECH";
"HES24A";"2026/01/05 00:00";"2026/02/02 00:00";"2026/02/26";"Cd";"PM@Cd";"ug/m2*jour";"6.02893890675241E-02";"A";"DATA_VALIDATE_TECH";
"HES24A";"2026/01/05 00:00";"2026/02/02 00:00";"2026/02/26";"Cr";"PM@Cr";"ug/m2*jour";"23.2544786403307";"A";"DATA_VALIDATE_TECH";
"HES24A";"2026/01/05 00:00";"2026/02/02 00:00";"2026/02/26";"Ni";"PM@Ni";"ug/m2*jour";"9.47404685346807";"A";"DATA_VALIDATE_TECH";
"HES24A";"2026/01/05 00:00";"2026/02/02 00:00";"2026/02/26";"Pb";"PM@Pb";"ug/m2*jour";"3.44510794671566";"A";"DATA_VALIDATE_TECH";
"HES24A";"2026/01/05 00:00";"2026/02/02 00:00";"2026/02/26";"Zn";"PM@Zn";"ug/m2*jour";"77.2278364722095";"A";"DATA_VALIDATE_TECH";
"HES24A";"2026/02/02 00:00";"2026/03/04 00:00";"2026/03/23";"PM";"PM";"g/m2*jour";"5.49303322615177E-02";"A";"DATA_VALIDATE_TECH";
"HES24A";"2026/02/02 00:00";"2026/03/04 00:00";"2026/03/23";"As";"PM@As";"ug/m2*jour";"2.09003215434084";"A";"DATA_VALIDATE_TECH";
"HES24A";"2026/02/02 00:00";"2026/03/04 00:00";"2026/03/23";"Cd";"PM@Cd";"ug/m2*jour";"0.155412647374062";"A";"DATA_VALIDATE_TECH";
"HES24A";"2026/02/02 00:00";"2026/03/04 00:00";"2026/03/23";"Cr";"PM@Cr";"ug/m2*jour";"45.016077170418";"A";"DATA_VALIDATE_TECH";
"HES24A";"2026/02/02 00:00";"2026/03/04 00:00";"2026/03/23";"Ni";"PM@Ni";"ug/m2*jour";"25.1875669882101";"A";"DATA_VALIDATE_TECH";
"HES24A";"2026/02/02 00:00";"2026/03/04 00:00";"2026/03/23";"Pb";"PM@Pb";"ug/m2*jour";"5.62700964630225";"A";"DATA_VALIDATE_TECH";
"HES24A";"2026/02/02 00:00";"2026/03/04 00:00";"2026/03/23";"Zn";"PM@Zn";"ug/m2*jour";"94.8553054662379";"A";"DATA_VALIDATE_TECH";
"HES24A";"2026/03/04 00:00";"2026/04/02 00:00";"2026/04/30";"PM";"PM";"g/m2*jour";"9.46612706508787E-02";"A";"DATA_VALIDATE_TECH";
"HES24A";"2026/03/04 00:00";"2026/04/02 00:00";"2026/04/30";"As";"PM@As";"ug/m2*jour";"3.88069630779466";"A";"DATA_VALIDATE_TECH";
"HES24A";"2026/03/04 00:00";"2026/04/02 00:00";"2026/04/30";"Cd";"PM@Cd";"ug/m2*jour";"0.415788890120856";"A";"DATA_VALIDATE_TECH";
"HES24A";"2026/03/04 00:00";"2026/04/02 00:00";"2026/04/30";"Cr";"PM@Cr";"ug/m2*jour";"85.6525113648963";"A";"DATA_VALIDATE_TECH";
"HES24A";"2026/03/04 00:00";"2026/04/02 00:00";"2026/04/30";"Ni";"PM@Ni";"ug/m2*jour";"44.0736223528107";"A";"DATA_VALIDATE_TECH";
"HES24A";"2026/03/04 00:00";"2026/04/02 00:00";"2026/04/30";"Pb";"PM@Pb";"ug/m2*jour";"22.1754074731123";"A";"DATA_VALIDATE_TECH";
"HES24A";"2026/03/04 00:00";"2026/04/02 00:00";"2026/04/30";"Zn";"PM@Zn";"ug/m2*jour";"315.999556491851";"A";"DATA_VALIDATE_TECH";
"HES24A";"2026/04/02 00:00";"2026/05/04 00:00";"2026/05/20";"PM";"PM";"g/m2*jour";"7.68187299035382E-02";"A";"DATA_VALIDATE_TECH";
"HES24A";"2026/04/02 00:00";"2026/05/04 00:00";"2026/05/20";"As";"PM@As";"ug/m2*jour";"3.76808681672026";"A";"DATA_VALIDATE_TECH";
"HES24A";"2026/04/02 00:00";"2026/05/04 00:00";"2026/05/20";"Cd";"PM@Cd";"ug/m2*jour";"0.351688102893891";"A";"DATA_VALIDATE_TECH";
"HES24A";"2026/04/02 00:00";"2026/05/04 00:00";"2026/05/20";"Cr";"PM@Cr";"ug/m2*jour";"84.6563504823151";"A";"DATA_VALIDATE_TECH";
"HES24A";"2026/04/02 00:00";"2026/05/04 00:00";"2026/05/20";"Ni";"PM@Ni";"ug/m2*jour";"36.4248392282958";"A";"DATA_VALIDATE_TECH";
"HES24A";"2026/04/02 00:00";"2026/05/04 00:00";"2026/05/20";"Pb";"PM@Pb";"ug/m2*jour";"24.366961414791";"A";"DATA_VALIDATE_TECH";
"HES24A";"2026/04/02 00:00";"2026/05/04 00:00";"2026/05/20";"Zn";"PM@Zn";"ug/m2*jour";"248.191318327974";"A";"DATA_VALIDATE_TECH";
"HES24B";"2026/03/04 00:00";"2026/04/02 00:00";"2026/04/30";"PM";"PM";"g/m2*jour";"0.256153675573791";"A";"DATA_VALIDATE_TECH";
"HES24B";"2026/03/04 00:00";"2026/04/02 00:00";"2026/04/30";"As";"PM@As";"ug/m2*jour";"4.98946668145027";"A";"DATA_VALIDATE_TECH";
"HES24B";"2026/03/04 00:00";"2026/04/02 00:00";"2026/04/30";"Cd";"PM@Cd";"ug/m2*jour";"1.4414014857523";"A";"DATA_VALIDATE_TECH";
"HES24B";"2026/03/04 00:00";"2026/04/02 00:00";"2026/04/30";"Cr";"PM@Cr";"ug/m2*jour";"1823.92726466349";"A";"DATA_VALIDATE_TECH";
"HES24B";"2026/03/04 00:00";"2026/04/02 00:00";"2026/04/30";"Ni";"PM@Ni";"ug/m2*jour";"60.705177957645";"A";"DATA_VALIDATE_TECH";
"HES24B";"2026/03/04 00:00";"2026/04/02 00:00";"2026/04/30";"Pb";"PM@Pb";"ug/m2*jour";"53.2209779354696";"A";"DATA_VALIDATE_TECH";
"HES24B";"2026/03/04 00:00";"2026/04/02 00:00";"2026/04/30";"Zn";"PM@Zn";"ug/m2*jour";"1014.52489189489";"A";"DATA_VALIDATE_TECH";
"HES24B";"2026/04/02 00:00";"2026/05/04 00:00";"2026/05/20";"PM";"PM";"g/m2*jour";"0.374221262057892";"A";"DATA_VALIDATE_TECH";
"HES24B";"2026/04/02 00:00";"2026/05/04 00:00";"2026/05/20";"As";"PM@As";"ug/m2*jour";"1.98452572347267";"A";"DATA_VALIDATE_TECH";
"HES24B";"2026/04/02 00:00";"2026/05/04 00:00";"2026/05/20";"Cd";"PM@Cd";"ug/m2*jour";"2.5120578778135";"A";"DATA_VALIDATE_TECH";
"HES24B";"2026/04/02 00:00";"2026/05/04 00:00";"2026/05/20";"Cr";"PM@Cr";"ug/m2*jour";"1617.7652733119";"A";"DATA_VALIDATE_TECH";
"HES24B";"2026/04/02 00:00";"2026/05/04 00:00";"2026/05/20";"Ni";"PM@Ni";"ug/m2*jour";"48.733922829582";"A";"DATA_VALIDATE_TECH";
"HES24B";"2026/04/02 00:00";"2026/05/04 00:00";"2026/05/20";"Pb";"PM@Pb";"ug/m2*jour";"75.8641479099678";"A";"DATA_VALIDATE_TECH";
"HES24B";"2026/04/02 00:00";"2026/05/04 00:00";"2026/05/20";"Zn";"PM@Zn";"ug/m2*jour";"1735.83199356913";"A";"DATA_VALIDATE_TECH";
"HES24B";"2026/05/04 00:00";"2026/06/05 00:00";"2026/06/29";"PM";"PM";"g/m2*jour";"0.290142684887382";"A";"DATA_VALIDATE_TECH";
"HES24B";"2026/05/04 00:00";"2026/06/05 00:00";"2026/06/29";"As";"PM@As";"ug/m2*jour";"1.35651125401929";"A";"DATA_VALIDATE_TECH";
"HES24B";"2026/05/04 00:00";"2026/06/05 00:00";"2026/06/29";"Cd";"PM@Cd";"ug/m2*jour";"0.904340836012862";"A";"DATA_VALIDATE_TECH";
"HES24B";"2026/05/04 00:00";"2026/06/05 00:00";"2026/06/29";"Cr";"PM@Cr";"ug/m2*jour";"517.483922829582";"A";"DATA_VALIDATE_TECH";
"HES24B";"2026/05/04 00:00";"2026/06/05 00:00";"2026/06/29";"Ni";"PM@Ni";"ug/m2*jour";"32.6567524115756";"A";"DATA_VALIDATE_TECH";
"HES24B";"2026/05/04 00:00";"2026/06/05 00:00";"2026/06/29";"Pb";"PM@Pb";"ug/m2*jour";"36.1736334405145";"A";"DATA_VALIDATE_TECH";
"HES24B";"2026/05/04 00:00";"2026/06/05 00:00";"2026/06/29";"Zn";"PM@Zn";"ug/m2*jour";"590.333601286174";"A";"DATA_VALIDATE_TECH";
"HES26";"2026/03/04 00:00";"2026/04/02 00:00";"2026/04/30";"PM";"PM";"g/m2*jour";"8.62623350703713E-02";"A";"DATA_VALIDATE_TECH";
"HES26";"2026/03/04 00:00";"2026/04/02 00:00";"2026/04/30";"As";"PM@As";"ug/m2*jour";"2.0235059319215";"A";"DATA_VALIDATE_TECH";
"HES26";"2026/03/04 00:00";"2026/04/02 00:00";"2026/04/30";"Cd";"PM@Cd";"ug/m2*jour";"0.138596296706952";"A";"DATA_VALIDATE_TECH";
"HES26";"2026/03/04 00:00";"2026/04/02 00:00";"2026/04/30";"Cr";"PM@Cr";"ug/m2*jour";"30.2139926821155";"A";"DATA_VALIDATE_TECH";
"HES26";"2026/03/04 00:00";"2026/04/02 00:00";"2026/04/30";"Ni";"PM@Ni";"ug/m2*jour";"4.43508149462246";"A";"DATA_VALIDATE_TECH";
"HES26";"2026/03/04 00:00";"2026/04/02 00:00";"2026/04/30";"Pb";"PM@Pb";"ug/m2*jour";"11.642088923384";"A";"DATA_VALIDATE_TECH";
"HES26";"2026/03/04 00:00";"2026/04/02 00:00";"2026/04/30";"Zn";"PM@Zn";"ug/m2*jour";"118.638429981151";"A";"DATA_VALIDATE_TECH";
"HES26";"2026/04/02 00:00";"2026/05/04 00:00";"2026/05/20";"PM";"PM";"g/m2*jour";"0.126281149517643";"A";"DATA_VALIDATE_TECH";
"HES26";"2026/04/02 00:00";"2026/05/04 00:00";"2026/05/20";"As";"PM@As";"ug/m2*jour";"2.28597266881029";"A";"DATA_VALIDATE_TECH";
"HES26";"2026/04/02 00:00";"2026/05/04 00:00";"2026/05/20";"Cd";"PM@Cd";"ug/m2*jour";"0.326567524115756";"A";"DATA_VALIDATE_TECH";
"HES26";"2026/04/02 00:00";"2026/05/04 00:00";"2026/05/20";"Cr";"PM@Cr";"ug/m2*jour";"70.0864147909968";"A";"DATA_VALIDATE_TECH";
"HES26";"2026/04/02 00:00";"2026/05/04 00:00";"2026/05/20";"Ni";"PM@Ni";"ug/m2*jour";"5.77773311897106";"A";"DATA_VALIDATE_TECH";
"HES26";"2026/04/02 00:00";"2026/05/04 00:00";"2026/05/20";"Pb";"PM@Pb";"ug/m2*jour";"23.3621382636656";"A";"DATA_VALIDATE_TECH";
"HES26";"2026/04/02 00:00";"2026/05/04 00:00";"2026/05/20";"Zn";"PM@Zn";"ug/m2*jour";"208.752009646302";"A";"DATA_VALIDATE_TECH";
"HES26";"2026/05/04 00:00";"2026/06/05 00:00";"2026/06/29";"PM";"PM";"g/m2*jour";"8.75200964630291E-02";"A";"DATA_VALIDATE_TECH";
"HES26";"2026/05/04 00:00";"2026/06/05 00:00";"2026/06/29";"As";"PM@As";"ug/m2*jour";"1.90916398713826";"A";"DATA_VALIDATE_TECH";
"HES26";"2026/05/04 00:00";"2026/06/05 00:00";"2026/06/29";"Cd";"PM@Cd";"ug/m2*jour";"7.78737942122186E-02";"A";"DATA_VALIDATE_TECH";
"HES26";"2026/05/04 00:00";"2026/06/05 00:00";"2026/06/29";"Cr";"PM@Cr";"ug/m2*jour";"34.9176045016077";"A";"DATA_VALIDATE_TECH";
"HES26";"2026/05/04 00:00";"2026/06/05 00:00";"2026/06/29";"Ni";"PM@Ni";"ug/m2*jour";"3.51688102893891";"A";"DATA_VALIDATE_TECH";
"HES26";"2026/05/04 00:00";"2026/06/05 00:00";"2026/06/29";"Pb";"PM@Pb";"ug/m2*jour";"9.79702572347267";"A";"DATA_VALIDATE_TECH";
"HES26";"2026/05/04 00:00";"2026/06/05 00:00";"2026/06/29";"Zn";"PM@Zn";"ug/m2*jour";"94.7045819935691";"A";"DATA_VALIDATE_TECH";
"HES27";"2026/01/05 00:00";"2026/02/02 00:00";"2026/02/26";"PM";"PM";"g/m2*jour";"2.75608635737427E-02";"A";"DATA_VALIDATE_TECH";
"HES27";"2026/01/05 00:00";"2026/02/02 00:00";"2026/02/26";"As";"PM@As";"ug/m2*jour";"0.488056959118052";"A";"DATA_VALIDATE_TECH";
"HES27";"2026/01/05 00:00";"2026/02/02 00:00";"2026/02/26";"Cd";"PM@Cd";"ug/m2*jour";"3.73220027560864E-02";"A";"DATA_VALIDATE_TECH";
"HES27";"2026/01/05 00:00";"2026/02/02 00:00";"2026/02/26";"Cr";"PM@Cr";"ug/m2*jour";"12.9191548001837";"A";"DATA_VALIDATE_TECH";
"HES27";"2026/01/05 00:00";"2026/02/02 00:00";"2026/02/26";"Ni";"PM@Ni";"ug/m2*jour";"3.44510794671566";"A";"DATA_VALIDATE_TECH";
"HES27";"2026/01/05 00:00";"2026/02/02 00:00";"2026/02/26";"Pb";"PM@Pb";"ug/m2*jour";"2.0096463022508";"A";"DATA_VALIDATE_TECH";
"HES27";"2026/01/05 00:00";"2026/02/02 00:00";"2026/02/26";"Zn";"PM@Zn";"ug/m2*jour";"90.7211759301791";"A";"DATA_VALIDATE_TECH";
"HES27";"2026/02/02 00:00";"2026/03/04 00:00";"2026/03/23";"PM";"PM";"g/m2*jour";"6.02357984994684E-02";"A";"DATA_VALIDATE_TECH";
"HES27";"2026/02/02 00:00";"2026/03/04 00:00";"2026/03/23";"As";"PM@As";"ug/m2*jour";"0.884244372990354";"A";"DATA_VALIDATE_TECH";
"HES27";"2026/02/02 00:00";"2026/03/04 00:00";"2026/03/23";"Cd";"PM@Cd";"ug/m2*jour";"5.35905680600214E-02";"A";"DATA_VALIDATE_TECH";
"HES27";"2026/02/02 00:00";"2026/03/04 00:00";"2026/03/23";"Cr";"PM@Cr";"ug/m2*jour";"12.8617363344051";"A";"DATA_VALIDATE_TECH";
"HES27";"2026/02/02 00:00";"2026/03/04 00:00";"2026/03/23";"Ni";"PM@Ni";"ug/m2*jour";"3.7513397642015";"A";"DATA_VALIDATE_TECH";
"HES27";"2026/02/02 00:00";"2026/03/04 00:00";"2026/03/23";"Pb";"PM@Pb";"ug/m2*jour";"3.48338692390139";"A";"DATA_VALIDATE_TECH";
"HES27";"2026/02/02 00:00";"2026/03/04 00:00";"2026/03/23";"Zn";"PM@Zn";"ug/m2*jour";"80.117899249732";"A";"DATA_VALIDATE_TECH";
"HES27";"2026/03/04 00:00";"2026/04/02 00:00";"2026/04/30";"PM";"PM";"g/m2*jour";"0.174769930147478";"A";"DATA_VALIDATE_TECH";
"HES27";"2026/03/04 00:00";"2026/04/02 00:00";"2026/04/30";"As";"PM@As";"ug/m2*jour";"2.46701408138375";"A";"DATA_VALIDATE_TECH";
"HES27";"2026/03/04 00:00";"2026/04/02 00:00";"2026/04/30";"Cd";"PM@Cd";"ug/m2*jour";"0.130280518904535";"A";"DATA_VALIDATE_TECH";
"HES27";"2026/03/04 00:00";"2026/04/02 00:00";"2026/04/30";"Cr";"PM@Cr";"ug/m2*jour";"65.4174520456813";"A";"DATA_VALIDATE_TECH";
"HES27";"2026/03/04 00:00";"2026/04/02 00:00";"2026/04/30";"Ni";"PM@Ni";"ug/m2*jour";"10.5333185497283";"A";"DATA_VALIDATE_TECH";
"HES27";"2026/03/04 00:00";"2026/04/02 00:00";"2026/04/30";"Pb";"PM@Pb";"ug/m2*jour";"11.642088923384";"A";"DATA_VALIDATE_TECH";
"HES27";"2026/03/04 00:00";"2026/04/02 00:00";"2026/04/30";"Zn";"PM@Zn";"ug/m2*jour";"195.97516354363";"A";"DATA_VALIDATE_TECH";
"HES27";"2026/04/02 00:00";"2026/05/04 00:00";"2026/05/20";"PM";"PM";"g/m2*jour";"0.211565514469423";"A";"DATA_VALIDATE_TECH";
"HES27";"2026/04/02 00:00";"2026/05/04 00:00";"2026/05/20";"As";"PM@As";"ug/m2*jour";"3.26567524115756";"A";"DATA_VALIDATE_TECH";
"HES27";"2026/04/02 00:00";"2026/05/04 00:00";"2026/05/20";"Cd";"PM@Cd";"ug/m2*jour";"0.276326366559486";"A";"DATA_VALIDATE_TECH";
"HES27";"2026/04/02 00:00";"2026/05/04 00:00";"2026/05/20";"Cr";"PM@Cr";"ug/m2*jour";"82.3954983922829";"A";"DATA_VALIDATE_TECH";
"HES27";"2026/04/02 00:00";"2026/05/04 00:00";"2026/05/20";"Ni";"PM@Ni";"ug/m2*jour";"12.5602893890675";"A";"DATA_VALIDATE_TECH";
"HES27";"2026/04/02 00:00";"2026/05/04 00:00";"2026/05/20";"Pb";"PM@Pb";"ug/m2*jour";"19.0916398713826";"A";"DATA_VALIDATE_TECH";
"HES27";"2026/04/02 00:00";"2026/05/04 00:00";"2026/05/20";"Zn";"PM@Zn";"ug/m2*jour";"218.549035369775";"A";"DATA_VALIDATE_TECH";
"HES27";"2026/05/04 00:00";"2026/06/05 00:00";"2026/06/29";"PM";"PM";"g/m2*jour";"9.96784565916503E-02";"A";"DATA_VALIDATE_TECH";
"HES27";"2026/05/04 00:00";"2026/06/05 00:00";"2026/06/29";"As";"PM@As";"ug/m2*jour";"1.85892282958199";"A";"DATA_VALIDATE_TECH";
"HES27";"2026/05/04 00:00";"2026/06/05 00:00";"2026/06/29";"Cd";"PM@Cd";"ug/m2*jour";"9.04340836012862E-02";"A";"DATA_VALIDATE_TECH";
"HES27";"2026/05/04 00:00";"2026/06/05 00:00";"2026/06/29";"Cr";"PM@Cr";"ug/m2*jour";"36.9272508038585";"A";"DATA_VALIDATE_TECH";
"HES27";"2026/05/04 00:00";"2026/06/05 00:00";"2026/06/29";"Ni";"PM@Ni";"ug/m2*jour";"7.28496784565916";"A";"DATA_VALIDATE_TECH";
"HES27";"2026/05/04 00:00";"2026/06/05 00:00";"2026/06/29";"Pb";"PM@Pb";"ug/m2*jour";"8.28979099678456";"A";"DATA_VALIDATE_TECH";
"HES27";"2026/05/04 00:00";"2026/06/05 00:00";"2026/06/29";"Zn";"PM@Zn";"ug/m2*jour";"98.7238745980707";"A";"DATA_VALIDATE_TECH";
"HES31";"2026/01/05 00:00";"2026/02/02 00:00";"2026/02/26";"PM";"PM";"g/m2*jour";"1.00482315112612E-02";"A";"DATA_VALIDATE_TECH";
"HES31";"2026/01/05 00:00";"2026/02/02 00:00";"2026/02/26";"As";"PM@As";"ug/m2*jour";"0.160771704180064";"A";"DATA_VALIDATE_TECH";
"HES31";"2026/01/05 00:00";"2026/02/02 00:00";"2026/02/26";"Cd";"PM@Cd";"ug/m2*jour";"5.74184657785944E-02";"A";"DATA_VALIDATE_TECH";
"HES31";"2026/01/05 00:00";"2026/02/02 00:00";"2026/02/26";"Cr";"PM@Cr";"ug/m2*jour";"15.7900780891135";"A";"DATA_VALIDATE_TECH";
"HES31";"2026/01/05 00:00";"2026/02/02 00:00";"2026/02/26";"Ni";"PM@Ni";"ug/m2*jour";"2.15319246669729";"A";"DATA_VALIDATE_TECH";
"HES31";"2026/01/05 00:00";"2026/02/02 00:00";"2026/02/26";"Pb";"PM@Pb";"ug/m2*jour";"1.89480937069362";"A";"DATA_VALIDATE_TECH";
"HES31";"2026/01/05 00:00";"2026/02/02 00:00";"2026/02/26";"Zn";"PM@Zn";"ug/m2*jour";"128.617363344051";"A";"DATA_VALIDATE_TECH";
"HES31";"2026/02/02 00:00";"2026/03/04 00:00";"2026/03/23";"PM";"PM";"g/m2*jour";"3.99249732047086E-02";"A";"DATA_VALIDATE_TECH";
"HES31";"2026/02/02 00:00";"2026/03/04 00:00";"2026/03/23";"As";"PM@As";"ug/m2*jour";"0.348338692390139";"A";"DATA_VALIDATE_TECH";
"HES31";"2026/02/02 00:00";"2026/03/04 00:00";"2026/03/23";"Cd";"PM@Cd";"ug/m2*jour";"4.28724544480171E-02";"A";"DATA_VALIDATE_TECH";
"HES31";"2026/02/02 00:00";"2026/03/04 00:00";"2026/03/23";"Cr";"PM@Cr";"ug/m2*jour";"79.0460878885316";"A";"DATA_VALIDATE_TECH";
"HES31";"2026/02/02 00:00";"2026/03/04 00:00";"2026/03/23";"Ni";"PM@Ni";"ug/m2*jour";"4.28724544480171";"A";"DATA_VALIDATE_TECH";
"HES31";"2026/02/02 00:00";"2026/03/04 00:00";"2026/03/23";"Pb";"PM@Pb";"ug/m2*jour";"5.35905680600214";"A";"DATA_VALIDATE_TECH";
"HES31";"2026/02/02 00:00";"2026/03/04 00:00";"2026/03/23";"Zn";"PM@Zn";"ug/m2*jour";"102.357984994641";"A";"DATA_VALIDATE_TECH";
"HES31";"2026/03/04 00:00";"2026/04/02 00:00";"2026/04/30";"PM";"PM";"g/m2*jour";"5.51613260893861E-02";"A";"DATA_VALIDATE_TECH";
"HES31";"2026/03/04 00:00";"2026/04/02 00:00";"2026/04/30";"As";"PM@As";"ug/m2*jour";"0.72070074287615";"A";"DATA_VALIDATE_TECH";
"HES31";"2026/03/04 00:00";"2026/04/02 00:00";"2026/04/30";"Cd";"PM@Cd";"ug/m2*jour";"0.166315556048342";"A";"DATA_VALIDATE_TECH";
"HES31";"2026/03/04 00:00";"2026/04/02 00:00";"2026/04/30";"Cr";"PM@Cr";"ug/m2*jour";"30.7683778689433";"A";"DATA_VALIDATE_TECH";
"HES31";"2026/03/04 00:00";"2026/04/02 00:00";"2026/04/30";"Ni";"PM@Ni";"ug/m2*jour";"4.98946668145027";"A";"DATA_VALIDATE_TECH";
"HES31";"2026/03/04 00:00";"2026/04/02 00:00";"2026/04/30";"Pb";"PM@Pb";"ug/m2*jour";"7.48420002217541";"A";"DATA_VALIDATE_TECH";
"HES31";"2026/03/04 00:00";"2026/04/02 00:00";"2026/04/30";"Zn";"PM@Zn";"ug/m2*jour";"110.599844772148";"A";"DATA_VALIDATE_TECH";
"HES31";"2026/04/02 00:00";"2026/05/04 00:00";"2026/05/20";"PM";"PM";"g/m2*jour";"7.85269292605295E-02";"A";"DATA_VALIDATE_TECH";
"HES31";"2026/04/02 00:00";"2026/05/04 00:00";"2026/05/20";"As";"PM@As";"ug/m2*jour";"0.753617363344051";"A";"DATA_VALIDATE_TECH";
"HES31";"2026/04/02 00:00";"2026/05/04 00:00";"2026/05/20";"Cd";"PM@Cd";"ug/m2*jour";"0.326567524115756";"A";"DATA_VALIDATE_TECH";
"HES31";"2026/04/02 00:00";"2026/05/04 00:00";"2026/05/20";"Cr";"PM@Cr";"ug/m2*jour";"28.637459807074";"A";"DATA_VALIDATE_TECH";
"HES31";"2026/04/02 00:00";"2026/05/04 00:00";"2026/05/20";"Ni";"PM@Ni";"ug/m2*jour";"4.77290996784566";"A";"DATA_VALIDATE_TECH";
"HES31";"2026/04/02 00:00";"2026/05/04 00:00";"2026/05/20";"Pb";"PM@Pb";"ug/m2*jour";"12.0578778135048";"A";"DATA_VALIDATE_TECH";
"HES31";"2026/04/02 00:00";"2026/05/04 00:00";"2026/05/20";"Zn";"PM@Zn";"ug/m2*jour";"241.157556270096";"A";"DATA_VALIDATE_TECH";
"HES31";"2026/05/04 00:00";"2026/06/05 00:00";"2026/06/29";"PM";"PM";"g/m2*jour";"5.25020096462602E-02";"A";"DATA_VALIDATE_TECH";
"HES31";"2026/05/04 00:00";"2026/06/05 00:00";"2026/06/29";"As";"PM@As";"ug/m2*jour";"0.979702572347267";"A";"DATA_VALIDATE_TECH";
"HES31";"2026/05/04 00:00";"2026/06/05 00:00";"2026/06/29";"Cd";"PM@Cd";"ug/m2*jour";"0.113042604501608";"A";"DATA_VALIDATE_TECH";
"HES31";"2026/05/04 00:00";"2026/06/05 00:00";"2026/06/29";"Cr";"PM@Cr";"ug/m2*jour";"28.8886655948553";"A";"DATA_VALIDATE_TECH";
"HES31";"2026/05/04 00:00";"2026/06/05 00:00";"2026/06/29";"Ni";"PM@Ni";"ug/m2*jour";"5.77773311897106";"A";"DATA_VALIDATE_TECH";
"HES31";"2026/05/04 00:00";"2026/06/05 00:00";"2026/06/29";"Pb";"PM@Pb";"ug/m2*jour";"6.78255627009646";"A";"DATA_VALIDATE_TECH";
"HES31";"2026/05/04 00:00";"2026/06/05 00:00";"2026/06/29";"Zn";"PM@Zn";"ug/m2*jour";"81.3906752411575";"A";"DATA_VALIDATE_TECH";
"HLSII06A";"2026/01/05 00:00";"2026/02/02 00:00";"2026/02/26";"PM";"PM";"g/m2*jour";"2.52641249426043E-02";"A";"DATA_VALIDATE_TECH";
"HLSII06A";"2026/01/05 00:00";"2026/02/02 00:00";"2026/02/26";"As";"PM@As";"ug/m2*jour";"0.218190169958659";"A";"DATA_VALIDATE_TECH";
"HLSII06A";"2026/01/05 00:00";"2026/02/02 00:00";"2026/02/26";"Cd";"PM@Cd";"ug/m2*jour";"0.123449701423978";"A";"DATA_VALIDATE_TECH";
"HLSII06A";"2026/01/05 00:00";"2026/02/02 00:00";"2026/02/26";"Cr";"PM@Cr";"ug/m2*jour";"6.02893890675241";"A";"DATA_VALIDATE_TECH";
"HLSII06A";"2026/01/05 00:00";"2026/02/02 00:00";"2026/02/26";"Ni";"PM@Ni";"ug/m2*jour";"4.30638493339458";"A";"DATA_VALIDATE_TECH";
"HLSII06A";"2026/01/05 00:00";"2026/02/02 00:00";"2026/02/26";"Pb";"PM@Pb";"ug/m2*jour";"4.01929260450161";"A";"DATA_VALIDATE_TECH";
"HLSII06A";"2026/01/05 00:00";"2026/02/02 00:00";"2026/02/26";"Zn";"PM@Zn";"ug/m2*jour";"539.733578318787";"A";"DATA_VALIDATE_TECH";
"HLSII06A";"2026/02/02 00:00";"2026/03/04 00:00";"2026/03/23";"PM";"PM";"g/m2*jour";"4.83654876741375E-02";"A";"DATA_VALIDATE_TECH";
"HLSII06A";"2026/02/02 00:00";"2026/03/04 00:00";"2026/03/23";"As";"PM@As";"ug/m2*jour";"0.243837084673098";"A";"DATA_VALIDATE_TECH";
"HLSII06A";"2026/02/02 00:00";"2026/03/04 00:00";"2026/03/23";"Cd";"PM@Cd";"ug/m2*jour";"0.109860664523044";"A";"DATA_VALIDATE_TECH";
"HLSII06A";"2026/02/02 00:00";"2026/03/04 00:00";"2026/03/23";"Cr";"PM@Cr";"ug/m2*jour";"4.82315112540193";"A";"DATA_VALIDATE_TECH";
"HLSII06A";"2026/02/02 00:00";"2026/03/04 00:00";"2026/03/23";"Ni";"PM@Ni";"ug/m2*jour";"2.94748124330118";"A";"DATA_VALIDATE_TECH";
"HLSII06A";"2026/02/02 00:00";"2026/03/04 00:00";"2026/03/23";"Pb";"PM@Pb";"ug/m2*jour";"4.28724544480171";"A";"DATA_VALIDATE_TECH";
"HLSII06A";"2026/02/02 00:00";"2026/03/04 00:00";"2026/03/23";"Zn";"PM@Zn";"ug/m2*jour";"85.4769560557342";"A";"DATA_VALIDATE_TECH";
"HLSII06A";"2026/03/04 00:00";"2026/04/02 00:00";"2026/04/30";"PM";"PM";"g/m2*jour";"5.08925601507175E-02";"A";"DATA_VALIDATE_TECH";
"HLSII06A";"2026/03/04 00:00";"2026/04/02 00:00";"2026/04/30";"As";"PM@As";"ug/m2*jour";"0.388069630779466";"A";"DATA_VALIDATE_TECH";
"HLSII06A";"2026/03/04 00:00";"2026/04/02 00:00";"2026/04/30";"Cd";"PM@Cd";"ug/m2*jour";"0.360350371438075";"A";"DATA_VALIDATE_TECH";
"HLSII06A";"2026/03/04 00:00";"2026/04/02 00:00";"2026/04/30";"Cr";"PM@Cr";"ug/m2*jour";"10.2561259563144";"A";"DATA_VALIDATE_TECH";
"HLSII06A";"2026/03/04 00:00";"2026/04/02 00:00";"2026/04/30";"Ni";"PM@Ni";"ug/m2*jour";"2.3006985253354";"A";"DATA_VALIDATE_TECH";
"HLSII06A";"2026/03/04 00:00";"2026/04/02 00:00";"2026/04/30";"Pb";"PM@Pb";"ug/m2*jour";"12.4736667036257";"A";"DATA_VALIDATE_TECH";
"HLSII06A";"2026/03/04 00:00";"2026/04/02 00:00";"2026/04/30";"Zn";"PM@Zn";"ug/m2*jour";"178.512030158554";"A";"DATA_VALIDATE_TECH";
"HLSII06A";"2026/04/02 00:00";"2026/05/04 00:00";"2026/05/20";"PM";"PM";"g/m2*jour";"0.299688504823176";"A";"DATA_VALIDATE_TECH";
"HLSII06A";"2026/04/02 00:00";"2026/05/04 00:00";"2026/05/20";"As";"PM@As";"ug/m2*jour";"1.45699356913183";"A";"DATA_VALIDATE_TECH";
"HLSII06A";"2026/04/02 00:00";"2026/05/04 00:00";"2026/05/20";"Cd";"PM@Cd";"ug/m2*jour";"1.02994372990354";"A";"DATA_VALIDATE_TECH";
"HLSII06A";"2026/04/02 00:00";"2026/05/04 00:00";"2026/05/20";"Cr";"PM@Cr";"ug/m2*jour";"36.1736334405145";"A";"DATA_VALIDATE_TECH";
"HLSII06A";"2026/04/02 00:00";"2026/05/04 00:00";"2026/05/20";"Ni";"PM@Ni";"ug/m2*jour";"6.53135048231511";"A";"DATA_VALIDATE_TECH";
"HLSII06A";"2026/04/02 00:00";"2026/05/04 00:00";"2026/05/20";"Pb";"PM@Pb";"ug/m2*jour";"40.1929260450161";"A";"DATA_VALIDATE_TECH";
"HLSII06A";"2026/04/02 00:00";"2026/05/04 00:00";"2026/05/20";"Zn";"PM@Zn";"ug/m2*jour";"467.242765273312";"A";"DATA_VALIDATE_TECH";
"HLSII06A";"2026/05/04 00:00";"2026/06/05 00:00";"2026/06/29";"PM";"PM";"g/m2*jour";"5.29290594855527E-02";"A";"DATA_VALIDATE_TECH";
"HLSII06A";"2026/05/04 00:00";"2026/06/05 00:00";"2026/06/29";"As";"PM@As";"ug/m2*jour";"0.854099678456592";"A";"DATA_VALIDATE_TECH";
"HLSII06A";"2026/05/04 00:00";"2026/06/05 00:00";"2026/06/29";"Cd";"PM@Cd";"ug/m2*jour";"0.427049839228296";"A";"DATA_VALIDATE_TECH";
"HLSII06A";"2026/05/04 00:00";"2026/06/05 00:00";"2026/06/29";"Cr";"PM@Cr";"ug/m2*jour";"22.6085209003215";"A";"DATA_VALIDATE_TECH";
"HLSII06A";"2026/05/04 00:00";"2026/06/05 00:00";"2026/06/29";"Ni";"PM@Ni";"ug/m2*jour";"4.01929260450161";"A";"DATA_VALIDATE_TECH";
"HLSII06A";"2026/05/04 00:00";"2026/06/05 00:00";"2026/06/29";"Pb";"PM@Pb";"ug/m2*jour";"18.5892282958199";"A";"DATA_VALIDATE_TECH";
"HLSII06A";"2026/05/04 00:00";"2026/06/05 00:00";"2026/06/29";"Zn";"PM@Zn";"ug/m2*jour";"204.732717041801";"A";"DATA_VALIDATE_TECH";
"HLSII06B";"2026/01/05 00:00";"2026/02/02 00:00";"2026/02/26";"PM";"PM";"g/m2*jour";"2.26802939825633E-02";"A";"DATA_VALIDATE_TECH";
"HLSII06B";"2026/01/05 00:00";"2026/02/02 00:00";"2026/02/26";"As";"PM@As";"ug/m2*jour";"0.287092328892972";"A";"DATA_VALIDATE_TECH";
"HLSII06B";"2026/01/05 00:00";"2026/02/02 00:00";"2026/02/26";"Cd";"PM@Cd";"ug/m2*jour";"0.180868167202572";"A";"DATA_VALIDATE_TECH";
"HLSII06B";"2026/01/05 00:00";"2026/02/02 00:00";"2026/02/26";"Cr";"PM@Cr";"ug/m2*jour";"5.45475424896647";"A";"DATA_VALIDATE_TECH";
"HLSII06B";"2026/01/05 00:00";"2026/02/02 00:00";"2026/02/26";"Ni";"PM@Ni";"ug/m2*jour";"2.0670647680294";"A";"DATA_VALIDATE_TECH";
"HLSII06B";"2026/01/05 00:00";"2026/02/02 00:00";"2026/02/26";"Pb";"PM@Pb";"ug/m2*jour";"4.88056959118052";"A";"DATA_VALIDATE_TECH";
"HLSII06B";"2026/01/05 00:00";"2026/02/02 00:00";"2026/02/26";"Zn";"PM@Zn";"ug/m2*jour";"122.301332108406";"A";"DATA_VALIDATE_TECH";
"HLSII06B";"2026/02/02 00:00";"2026/03/04 00:00";"2026/03/23";"PM";"PM";"g/m2*jour";"4.00321543408246E-02";"A";"DATA_VALIDATE_TECH";
"HLSII06B";"2026/02/02 00:00";"2026/03/04 00:00";"2026/03/23";"As";"PM@As";"ug/m2*jour";"0.267952840300107";"A";"DATA_VALIDATE_TECH";
"HLSII06B";"2026/02/02 00:00";"2026/03/04 00:00";"2026/03/23";"Cd";"PM@Cd";"ug/m2*jour";"0.112540192926045";"A";"DATA_VALIDATE_TECH";
"HLSII06B";"2026/02/02 00:00";"2026/03/04 00:00";"2026/03/23";"Cr";"PM@Cr";"ug/m2*jour";"6.43086816720257";"A";"DATA_VALIDATE_TECH";
"HLSII06B";"2026/02/02 00:00";"2026/03/04 00:00";"2026/03/23";"Ni";"PM@Ni";"ug/m2*jour";"2.491961414791";"A";"DATA_VALIDATE_TECH";
"HLSII06B";"2026/02/02 00:00";"2026/03/04 00:00";"2026/03/23";"Pb";"PM@Pb";"ug/m2*jour";"4.82315112540193";"A";"DATA_VALIDATE_TECH";
"HLSII06B";"2026/02/02 00:00";"2026/03/04 00:00";"2026/03/23";"Zn";"PM@Zn";"ug/m2*jour";"167.470525187567";"A";"DATA_VALIDATE_TECH";
"HLSII06B";"2026/03/04 00:00";"2026/04/02 00:00";"2026/04/30";"PM";"PM";"g/m2*jour";"6.11486861070967E-02";"A";"DATA_VALIDATE_TECH";
"HLSII06B";"2026/03/04 00:00";"2026/04/02 00:00";"2026/04/30";"As";"PM@As";"ug/m2*jour";"0.388069630779466";"A";"DATA_VALIDATE_TECH";
"HLSII06B";"2026/03/04 00:00";"2026/04/02 00:00";"2026/04/30";"Cd";"PM@Cd";"ug/m2*jour";"0.304911852755294";"A";"DATA_VALIDATE_TECH";
"HLSII06B";"2026/03/04 00:00";"2026/04/02 00:00";"2026/04/30";"Cr";"PM@Cr";"ug/m2*jour";"9.70174076948664";"A";"DATA_VALIDATE_TECH";
"HLSII06B";"2026/03/04 00:00";"2026/04/02 00:00";"2026/04/30";"Ni";"PM@Ni";"ug/m2*jour";"2.27297926599401";"A";"DATA_VALIDATE_TECH";
"HLSII06B";"2026/03/04 00:00";"2026/04/02 00:00";"2026/04/30";"Pb";"PM@Pb";"ug/m2*jour";"14.6912074509369";"A";"DATA_VALIDATE_TECH";
"HLSII06B";"2026/03/04 00:00";"2026/04/02 00:00";"2026/04/30";"Zn";"PM@Zn";"ug/m2*jour";"173.24537088369";"A";"DATA_VALIDATE_TECH";
"HLSII06B";"2026/04/02 00:00";"2026/05/04 00:00";"2026/05/20";"PM";"PM";"g/m2*jour";"0.124824155948549";"A";"DATA_VALIDATE_TECH";
"HLSII06B";"2026/04/02 00:00";"2026/05/04 00:00";"2026/05/20";"As";"PM@As";"ug/m2*jour";"0.778737942122186";"A";"DATA_VALIDATE_TECH";
"HLSII06B";"2026/04/02 00:00";"2026/05/04 00:00";"2026/05/20";"Cd";"PM@Cd";"ug/m2*jour";"0.778737942122186";"A";"DATA_VALIDATE_TECH";
"HLSII06B";"2026/04/02 00:00";"2026/05/04 00:00";"2026/05/20";"Cr";"PM@Cr";"ug/m2*jour";"23.3621382636656";"A";"DATA_VALIDATE_TECH";
"HLSII06B";"2026/04/02 00:00";"2026/05/04 00:00";"2026/05/20";"Ni";"PM@Ni";"ug/m2*jour";"3.76808681672026";"A";"DATA_VALIDATE_TECH";
"HLSII06B";"2026/04/02 00:00";"2026/05/04 00:00";"2026/05/20";"Pb";"PM@Pb";"ug/m2*jour";"33.4103697749196";"A";"DATA_VALIDATE_TECH";
"HLSII06B";"2026/04/02 00:00";"2026/05/04 00:00";"2026/05/20";"Zn";"PM@Zn";"ug/m2*jour";"374.296623794212";"A";"DATA_VALIDATE_TECH";
"HLSII06B";"2026/05/04 00:00";"2026/06/05 00:00";"2026/06/29";"PM";"PM";"g/m2*jour";"6.53386254018921E-02";"A";"DATA_VALIDATE_TECH";
"HLSII06B";"2026/05/04 00:00";"2026/06/05 00:00";"2026/06/29";"As";"PM@As";"ug/m2*jour";"0.803858520900322";"A";"DATA_VALIDATE_TECH";
"HLSII06B";"2026/05/04 00:00";"2026/06/05 00:00";"2026/06/29";"Cd";"PM@Cd";"ug/m2*jour";"0.527532154340836";"A";"DATA_VALIDATE_TECH";
"HLSII06B";"2026/05/04 00:00";"2026/06/05 00:00";"2026/06/29";"Cr";"PM@Cr";"ug/m2*jour";"24.6181672025723";"A";"DATA_VALIDATE_TECH";
"HLSII06B";"2026/05/04 00:00";"2026/06/05 00:00";"2026/06/29";"Ni";"PM@Ni";"ug/m2*jour";"3.76808681672026";"A";"DATA_VALIDATE_TECH";
"HLSII06B";"2026/05/04 00:00";"2026/06/05 00:00";"2026/06/29";"Pb";"PM@Pb";"ug/m2*jour";"25.120578778135";"A";"DATA_VALIDATE_TECH";
"HLSII06B";"2026/05/04 00:00";"2026/06/05 00:00";"2026/06/29";"Zn";"PM@Zn";"ug/m2*jour";"243.167202572347";"A";"DATA_VALIDATE_TECH";
"HLSII11";"2026/01/05 00:00";"2026/02/02 00:00";"2026/02/26";"PM";"PM";"g/m2*jour";"2.38286632981325E-02";"A";"DATA_VALIDATE_TECH";
"HLSII11";"2026/01/05 00:00";"2026/02/02 00:00";"2026/02/26";"As";"PM@As";"ug/m2*jour";"0.157900780891135";"A";"DATA_VALIDATE_TECH";
"HLSII11";"2026/01/05 00:00";"2026/02/02 00:00";"2026/02/26";"Cd";"PM@Cd";"ug/m2*jour";"4.30638493339458E-02";"A";"DATA_VALIDATE_TECH";
"HLSII11";"2026/01/05 00:00";"2026/02/02 00:00";"2026/02/26";"Cr";"PM@Cr";"ug/m2*jour";"4.59347726228755";"A";"DATA_VALIDATE_TECH";
"HLSII11";"2026/01/05 00:00";"2026/02/02 00:00";"2026/02/26";"Ni";"PM@Ni";"ug/m2*jour";"1.26320624712908";"A";"DATA_VALIDATE_TECH";
"HLSII11";"2026/01/05 00:00";"2026/02/02 00:00";"2026/02/26";"Pb";"PM@Pb";"ug/m2*jour";"1.43546164446486";"A";"DATA_VALIDATE_TECH";
"HLSII11";"2026/01/05 00:00";"2026/02/02 00:00";"2026/02/26";"Zn";"PM@Zn";"ug/m2*jour";"69.4763435920992";"A";"DATA_VALIDATE_TECH";
"HLSII11";"2026/02/02 00:00";"2026/03/04 00:00";"2026/03/23";"PM";"PM";"g/m2*jour";"0.040862808145752";"A";"DATA_VALIDATE_TECH";
"HLSII11";"2026/02/02 00:00";"2026/03/04 00:00";"2026/03/23";"As";"PM@As";"ug/m2*jour";"0.267952840300107";"A";"DATA_VALIDATE_TECH";
"HLSII11";"2026/02/02 00:00";"2026/03/04 00:00";"2026/03/23";"Cd";"PM@Cd";"ug/m2*jour";"4.82315112540193E-02";"A";"DATA_VALIDATE_TECH";
"HLSII11";"2026/02/02 00:00";"2026/03/04 00:00";"2026/03/23";"Cr";"PM@Cr";"ug/m2*jour";"6.96677384780279";"A";"DATA_VALIDATE_TECH";
"HLSII11";"2026/02/02 00:00";"2026/03/04 00:00";"2026/03/23";"Ni";"PM@Ni";"ug/m2*jour";"2.57234726688103";"A";"DATA_VALIDATE_TECH";
"HLSII11";"2026/02/02 00:00";"2026/03/04 00:00";"2026/03/23";"Pb";"PM@Pb";"ug/m2*jour";"1.98285101822079";"A";"DATA_VALIDATE_TECH";
"HLSII11";"2026/02/02 00:00";"2026/03/04 00:00";"2026/03/23";"Zn";"PM@Zn";"ug/m2*jour";"113.076098606645";"A";"DATA_VALIDATE_TECH";
"HLSII11";"2026/03/04 00:00";"2026/04/02 00:00";"2026/04/30";"PM";"PM";"g/m2*jour";"7.80574343053152E-02";"A";"DATA_VALIDATE_TECH";
"HLSII11";"2026/03/04 00:00";"2026/04/02 00:00";"2026/04/30";"As";"PM@As";"ug/m2*jour";"0.637542964851979";"A";"DATA_VALIDATE_TECH";
"HLSII11";"2026/03/04 00:00";"2026/04/02 00:00";"2026/04/30";"Cd";"PM@Cd";"ug/m2*jour";"9.14735558265883E-02";"A";"DATA_VALIDATE_TECH";
"HLSII11";"2026/03/04 00:00";"2026/04/02 00:00";"2026/04/30";"Cr";"PM@Cr";"ug/m2*jour";"13.5824370772813";"A";"DATA_VALIDATE_TECH";
"HLSII11";"2026/03/04 00:00";"2026/04/02 00:00";"2026/04/30";"Ni";"PM@Ni";"ug/m2*jour";"3.60350371438075";"A";"DATA_VALIDATE_TECH";
"HLSII11";"2026/03/04 00:00";"2026/04/02 00:00";"2026/04/30";"Pb";"PM@Pb";"ug/m2*jour";"4.71227408803637";"A";"DATA_VALIDATE_TECH";
"HLSII11";"2026/03/04 00:00";"2026/04/02 00:00";"2026/04/30";"Zn";"PM@Zn";"ug/m2*jour";"133.606830025502";"A";"DATA_VALIDATE_TECH";
"HLSII11";"2026/04/02 00:00";"2026/05/04 00:00";"2026/05/20";"PM";"PM";"g/m2*jour";"7.26738344051511E-02";"A";"DATA_VALIDATE_TECH";
"HLSII11";"2026/04/02 00:00";"2026/05/04 00:00";"2026/05/20";"As";"PM@As";"ug/m2*jour";"0.628014469453376";"A";"DATA_VALIDATE_TECH";
"HLSII11";"2026/04/02 00:00";"2026/05/04 00:00";"2026/05/20";"Cd";"PM@Cd";"ug/m2*jour";"8.54099678456592E-02";"A";"DATA_VALIDATE_TECH";
"HLSII11";"2026/04/02 00:00";"2026/05/04 00:00";"2026/05/20";"Cr";"PM@Cr";"ug/m2*jour";"9.04340836012862";"A";"DATA_VALIDATE_TECH";
"HLSII11";"2026/04/02 00:00";"2026/05/04 00:00";"2026/05/20";"Ni";"PM@Ni";"ug/m2*jour";"1.98452572347267";"A";"DATA_VALIDATE_TECH";
"HLSII11";"2026/04/02 00:00";"2026/05/04 00:00";"2026/05/20";"Pb";"PM@Pb";"ug/m2*jour";"3.26567524115756";"A";"DATA_VALIDATE_TECH";
"HLSII11";"2026/04/02 00:00";"2026/05/04 00:00";"2026/05/20";"Zn";"PM@Zn";"ug/m2*jour";"56.5213022508038";"A";"DATA_VALIDATE_TECH";
"HLSII11";"2026/05/04 00:00";"2026/06/05 00:00";"2026/06/29";"PM";"PM";"g/m2*jour";"0.128315916398711";"A";"DATA_VALIDATE_TECH";
"HLSII11";"2026/05/04 00:00";"2026/06/05 00:00";"2026/06/29";"As";"PM@As";"ug/m2*jour";"0.628014469453376";"A";"DATA_VALIDATE_TECH";
"HLSII11";"2026/05/04 00:00";"2026/06/05 00:00";"2026/06/29";"Cd";"PM@Cd";"ug/m2*jour";"0.145699356913183";"A";"DATA_VALIDATE_TECH";
"HLSII11";"2026/05/04 00:00";"2026/06/05 00:00";"2026/06/29";"Cr";"PM@Cr";"ug/m2*jour";"14.0675241157556";"A";"DATA_VALIDATE_TECH";
"HLSII11";"2026/05/04 00:00";"2026/06/05 00:00";"2026/06/29";"Ni";"PM@Ni";"ug/m2*jour";"2.46181672025723";"A";"DATA_VALIDATE_TECH";
"HLSII11";"2026/05/04 00:00";"2026/06/05 00:00";"2026/06/29";"Pb";"PM@Pb";"ug/m2*jour";"5.52652733118971";"A";"DATA_VALIDATE_TECH";
"HLSII11";"2026/05/04 00:00";"2026/06/05 00:00";"2026/06/29";"Zn";"PM@Zn";"ug/m2*jour";"70.5888263665595";"A";"DATA_VALIDATE_TECH";
"HLSII12";"2026/01/05 00:00";"2026/02/02 00:00";"2026/02/26";"PM";"PM";"g/m2*jour";"3.07188791915478E-02";"A";"DATA_VALIDATE_TECH";
"HLSII12";"2026/01/05 00:00";"2026/02/02 00:00";"2026/02/26";"As";"PM@As";"ug/m2*jour";"0.20957740009187";"A";"DATA_VALIDATE_TECH";
"HLSII12";"2026/01/05 00:00";"2026/02/02 00:00";"2026/02/26";"Cd";"PM@Cd";"ug/m2*jour";"4.59347726228755E-02";"A";"DATA_VALIDATE_TECH";
"HLSII12";"2026/01/05 00:00";"2026/02/02 00:00";"2026/02/26";"Cr";"PM@Cr";"ug/m2*jour";"52.8249885163068";"A";"DATA_VALIDATE_TECH";
"HLSII12";"2026/01/05 00:00";"2026/02/02 00:00";"2026/02/26";"Ni";"PM@Ni";"ug/m2*jour";"2.12448323380799";"A";"DATA_VALIDATE_TECH";
"HLSII12";"2026/01/05 00:00";"2026/02/02 00:00";"2026/02/26";"Pb";"PM@Pb";"ug/m2*jour";"1.72255397335783";"A";"DATA_VALIDATE_TECH";
"HLSII12";"2026/01/05 00:00";"2026/02/02 00:00";"2026/02/26";"Zn";"PM@Zn";"ug/m2*jour";"50.5282498851631";"A";"DATA_VALIDATE_TECH";
"HLSII12";"2026/02/02 00:00";"2026/03/04 00:00";"2026/03/23";"PM";"PM";"g/m2*jour";"3.70578778134632E-02";"A";"DATA_VALIDATE_TECH";
"HLSII12";"2026/02/02 00:00";"2026/03/04 00:00";"2026/03/23";"As";"PM@As";"ug/m2*jour";"0.348338692390139";"A";"DATA_VALIDATE_TECH";
"HLSII12";"2026/02/02 00:00";"2026/03/04 00:00";"2026/03/23";"Cd";"PM@Cd";"ug/m2*jour";"6.16291532690246E-02";"A";"DATA_VALIDATE_TECH";
"HLSII12";"2026/02/02 00:00";"2026/03/04 00:00";"2026/03/23";"Cr";"PM@Cr";"ug/m2*jour";"9.11039657020364";"A";"DATA_VALIDATE_TECH";
"HLSII12";"2026/02/02 00:00";"2026/03/04 00:00";"2026/03/23";"Ni";"PM@Ni";"ug/m2*jour";"2.2508038585209";"A";"DATA_VALIDATE_TECH";
"HLSII12";"2026/02/02 00:00";"2026/03/04 00:00";"2026/03/23";"Pb";"PM@Pb";"ug/m2*jour";"1.90246516613076";"A";"DATA_VALIDATE_TECH";
"HLSII12";"2026/02/02 00:00";"2026/03/04 00:00";"2026/03/23";"Zn";"PM@Zn";"ug/m2*jour";"62.1650589496249";"A";"DATA_VALIDATE_TECH";
"HLSII12";"2026/03/04 00:00";"2026/04/02 00:00";"2026/04/30";"PM";"PM";"g/m2*jour";"6.68034150126838E-02";"A";"DATA_VALIDATE_TECH";
"HLSII12";"2026/03/04 00:00";"2026/04/02 00:00";"2026/04/30";"As";"PM@As";"ug/m2*jour";"0.443508149462246";"A";"DATA_VALIDATE_TECH";
"HLSII12";"2026/03/04 00:00";"2026/04/02 00:00";"2026/04/30";"Cd";"PM@Cd";"ug/m2*jour";"9.97893336290054E-02";"A";"DATA_VALIDATE_TECH";
"HLSII12";"2026/03/04 00:00";"2026/04/02 00:00";"2026/04/30";"Cr";"PM@Cr";"ug/m2*jour";"11.642088923384";"A";"DATA_VALIDATE_TECH";
"HLSII12";"2026/03/04 00:00";"2026/04/02 00:00";"2026/04/30";"Ni";"PM@Ni";"ug/m2*jour";"1.69087481982481";"A";"DATA_VALIDATE_TECH";
"HLSII12";"2026/03/04 00:00";"2026/04/02 00:00";"2026/04/30";"Pb";"PM@Pb";"ug/m2*jour";"3.88069630779466";"A";"DATA_VALIDATE_TECH";
"HLSII12";"2026/03/04 00:00";"2026/04/02 00:00";"2026/04/30";"Zn";"PM@Zn";"ug/m2*jour";"87.8700521122076";"A";"DATA_VALIDATE_TECH";
"HLSII12";"2026/04/02 00:00";"2026/05/04 00:00";"2026/05/20";"PM";"PM";"g/m2*jour";"8.40032154341163E-02";"A";"DATA_VALIDATE_TECH";
"HLSII12";"2026/04/02 00:00";"2026/05/04 00:00";"2026/05/20";"As";"PM@As";"ug/m2*jour";"0.577773311897106";"A";"DATA_VALIDATE_TECH";
"HLSII12";"2026/04/02 00:00";"2026/05/04 00:00";"2026/05/20";"Cd";"PM@Cd";"ug/m2*jour";"9.54581993569132E-02";"A";"DATA_VALIDATE_TECH";
"HLSII12";"2026/04/02 00:00";"2026/05/04 00:00";"2026/05/20";"Cr";"PM@Cr";"ug/m2*jour";"18.8404340836013";"A";"DATA_VALIDATE_TECH";
"HLSII12";"2026/04/02 00:00";"2026/05/04 00:00";"2026/05/20";"Ni";"PM@Ni";"ug/m2*jour";"2.38645498392283";"A";"DATA_VALIDATE_TECH";
"HLSII12";"2026/04/02 00:00";"2026/05/04 00:00";"2026/05/20";"Pb";"PM@Pb";"ug/m2*jour";"3.76808681672026";"A";"DATA_VALIDATE_TECH";
"HLSII12";"2026/04/02 00:00";"2026/05/04 00:00";"2026/05/20";"Zn";"PM@Zn";"ug/m2*jour";"72.3472668810289";"A";"DATA_VALIDATE_TECH";
"HRO01";"2026/01/05 00:00";"2026/02/04 00:00";"2026/02/26";"PM";"PM";"g/m2*jour";"2.30439442658126E-02";"A";"DATA_VALIDATE_TECH";
"HRO01";"2026/01/05 00:00";"2026/02/04 00:00";"2026/02/26";"As";"PM@As";"ug/m2*jour";"0.158092175777063";"A";"DATA_VALIDATE_TECH";
"HRO01";"2026/01/05 00:00";"2026/02/04 00:00";"2026/02/26";"Cd";"PM@Cd";"ug/m2*jour";"3.48338692390139E-02";"A";"DATA_VALIDATE_TECH";
"HRO01";"2026/01/05 00:00";"2026/02/04 00:00";"2026/02/26";"Cr";"PM@Cr";"ug/m2*jour";"17.6848874598071";"A";"DATA_VALIDATE_TECH";
"HRO01";"2026/01/05 00:00";"2026/02/04 00:00";"2026/02/26";"Ni";"PM@Ni";"ug/m2*jour";"3.7513397642015";"A";"DATA_VALIDATE_TECH";
"HRO01";"2026/01/05 00:00";"2026/02/04 00:00";"2026/02/26";"Pb";"PM@Pb";"ug/m2*jour";"1.76848874598071";"A";"DATA_VALIDATE_TECH";
"HRO01";"2026/01/05 00:00";"2026/02/04 00:00";"2026/02/26";"Zn";"PM@Zn";"ug/m2*jour";"104.233654876742";"A";"DATA_VALIDATE_TECH";
"HRO01";"2026/02/04 00:00";"2026/03/05 00:00";"2026/03/23";"PM";"PM";"g/m2*jour";"0.027580663044693";"A";"DATA_VALIDATE_TECH";
"HRO01";"2026/02/04 00:00";"2026/03/05 00:00";"2026/03/23";"As";"PM@As";"ug/m2*jour";"0.157999778245925";"A";"DATA_VALIDATE_TECH";
"HRO01";"2026/02/04 00:00";"2026/03/05 00:00";"2026/03/23";"Cd";"PM@Cd";"ug/m2*jour";"3.60350371438075E-02";"A";"DATA_VALIDATE_TECH";
"HRO01";"2026/02/04 00:00";"2026/03/05 00:00";"2026/03/23";"Cr";"PM@Cr";"ug/m2*jour";"37.421000110877";"A";"DATA_VALIDATE_TECH";
"HRO01";"2026/02/04 00:00";"2026/03/05 00:00";"2026/03/23";"Ni";"PM@Ni";"ug/m2*jour";"2.35613704401818";"A";"DATA_VALIDATE_TECH";
"HRO01";"2026/02/04 00:00";"2026/03/05 00:00";"2026/03/23";"Pb";"PM@Pb";"ug/m2*jour";"2.71648741545626";"A";"DATA_VALIDATE_TECH";
"HRO01";"2026/02/04 00:00";"2026/03/05 00:00";"2026/03/23";"Zn";"PM@Zn";"ug/m2*jour";"24.1157556270096";"A";"DATA_VALIDATE_TECH";
"HRO01";"2026/03/05 00:00";"2026/04/02 00:00";"2026/04/30";"PM";"PM";"g/m2*jour";"0.044528020211236";"A";"DATA_VALIDATE_TECH";
"HRO01";"2026/03/05 00:00";"2026/04/02 00:00";"2026/04/30";"As";"PM@As";"ug/m2*jour";"0.166513550757924";"A";"DATA_VALIDATE_TECH";
"HRO01";"2026/03/05 00:00";"2026/04/02 00:00";"2026/04/30";"Cd";"PM@Cd";"ug/m2*jour";"5.45475424896647E-02";"A";"DATA_VALIDATE_TECH";
"HRO01";"2026/03/05 00:00";"2026/04/02 00:00";"2026/04/30";"Cr";"PM@Cr";"ug/m2*jour";"22.3932016536518";"A";"DATA_VALIDATE_TECH";
"HRO01";"2026/03/05 00:00";"2026/04/02 00:00";"2026/04/30";"Ni";"PM@Ni";"ug/m2*jour";"3.15801561782269";"A";"DATA_VALIDATE_TECH";
"HRO01";"2026/03/05 00:00";"2026/04/02 00:00";"2026/04/30";"Pb";"PM@Pb";"ug/m2*jour";"2.58383096003675";"A";"DATA_VALIDATE_TECH";
"HRO01";"2026/03/05 00:00";"2026/04/02 00:00";"2026/04/30";"Zn";"PM@Zn";"ug/m2*jour";"105.075792374828";"A";"DATA_VALIDATE_TECH";
"HRO01";"2026/04/02 00:00";"2026/05/04 00:00";"2026/05/20";"PM";"PM";"g/m2*jour";"7.22970257234309E-02";"A";"DATA_VALIDATE_TECH";
"HRO01";"2026/04/02 00:00";"2026/05/04 00:00";"2026/05/20";"As";"PM@As";"ug/m2*jour";"0.326567524115756";"A";"DATA_VALIDATE_TECH";
"HRO01";"2026/04/02 00:00";"2026/05/04 00:00";"2026/05/20";"Cd";"PM@Cd";"ug/m2*jour";"4.77290996784566E-02";"A";"DATA_VALIDATE_TECH";
"HRO01";"2026/04/02 00:00";"2026/05/04 00:00";"2026/05/20";"Cr";"PM@Cr";"ug/m2*jour";"13.5651125401929";"A";"DATA_VALIDATE_TECH";
"HRO01";"2026/04/02 00:00";"2026/05/04 00:00";"2026/05/20";"Ni";"PM@Ni";"ug/m2*jour";"2.28597266881029";"A";"DATA_VALIDATE_TECH";
"HRO01";"2026/04/02 00:00";"2026/05/04 00:00";"2026/05/20";"Pb";"PM@Pb";"ug/m2*jour";"3.01446945337621";"A";"DATA_VALIDATE_TECH";
"HRO01";"2026/04/02 00:00";"2026/05/04 00:00";"2026/05/20";"Zn";"PM@Zn";"ug/m2*jour";"60.5405948553055";"A";"DATA_VALIDATE_TECH";
"HRO01";"2026/05/04 00:00";"2026/06/05 00:00";"2026/06/29";"PM";"PM";"g/m2*jour";"7.98331993569074E-02";"A";"DATA_VALIDATE_TECH";
"HRO01";"2026/05/04 00:00";"2026/06/05 00:00";"2026/06/29";"As";"PM@As";"ug/m2*jour";"0.326567524115756";"A";"DATA_VALIDATE_TECH";
"HRO01";"2026/05/04 00:00";"2026/06/05 00:00";"2026/06/29";"Cd";"PM@Cd";"ug/m2*jour";"9.04340836012862E-02";"A";"DATA_VALIDATE_TECH";
"HRO01";"2026/05/04 00:00";"2026/06/05 00:00";"2026/06/29";"Cr";"PM@Cr";"ug/m2*jour";"18.8404340836013";"A";"DATA_VALIDATE_TECH";
"HRO01";"2026/05/04 00:00";"2026/06/05 00:00";"2026/06/29";"Ni";"PM@Ni";"ug/m2*jour";"3.51688102893891";"A";"DATA_VALIDATE_TECH";
"HRO01";"2026/05/04 00:00";"2026/06/05 00:00";"2026/06/29";"Pb";"PM@Pb";"ug/m2*jour";"3.26567524115756";"A";"DATA_VALIDATE_TECH";
"HRO01";"2026/05/04 00:00";"2026/06/05 00:00";"2026/06/29";"Zn";"PM@Zn";"ug/m2*jour";"45.4682475884244";"A";"DATA_VALIDATE_TECH";
"HRO04";"2026/01/05 00:00";"2026/02/04 00:00";"2026/02/26";"PM";"PM";"g/m2*jour";"2.30439442658126E-02";"A";"DATA_VALIDATE_TECH";
"HRO04";"2026/01/05 00:00";"2026/02/04 00:00";"2026/02/26";"As";"PM@As";"ug/m2*jour";"0.265273311897106";"A";"DATA_VALIDATE_TECH";
"HRO04";"2026/01/05 00:00";"2026/02/04 00:00";"2026/02/26";"Cd";"PM@Cd";"ug/m2*jour";"5.35905680600214E-02";"A";"DATA_VALIDATE_TECH";
"HRO04";"2026/01/05 00:00";"2026/02/04 00:00";"2026/02/26";"Cr";"PM@Cr";"ug/m2*jour";"23.3118971061093";"A";"DATA_VALIDATE_TECH";
"HRO04";"2026/01/05 00:00";"2026/02/04 00:00";"2026/02/26";"Ni";"PM@Ni";"ug/m2*jour";"2.65273311897106";"A";"DATA_VALIDATE_TECH";
"HRO04";"2026/01/05 00:00";"2026/02/04 00:00";"2026/02/26";"Pb";"PM@Pb";"ug/m2*jour";"2.22400857449089";"A";"DATA_VALIDATE_TECH";
"HRO04";"2026/01/05 00:00";"2026/02/04 00:00";"2026/02/26";"Zn";"PM@Zn";"ug/m2*jour";"90.5680600214362";"A";"DATA_VALIDATE_TECH";
"HRO04";"2026/02/04 00:00";"2026/03/05 00:00";"2026/03/23";"PM";"PM";"g/m2*jour";"4.12739771592745E-02";"A";"DATA_VALIDATE_TECH";
"HRO04";"2026/02/04 00:00";"2026/03/05 00:00";"2026/03/23";"As";"PM@As";"ug/m2*jour";"0.304911852755294";"A";"DATA_VALIDATE_TECH";
"HRO04";"2026/02/04 00:00";"2026/03/05 00:00";"2026/03/23";"Cd";"PM@Cd";"ug/m2*jour";"6.09823705510589E-02";"A";"DATA_VALIDATE_TECH";
"HRO04";"2026/02/04 00:00";"2026/03/05 00:00";"2026/03/23";"Cr";"PM@Cr";"ug/m2*jour";"32.1543408360129";"A";"DATA_VALIDATE_TECH";
"HRO04";"2026/02/04 00:00";"2026/03/05 00:00";"2026/03/23";"Ni";"PM@Ni";"ug/m2*jour";"3.04911852755294";"A";"DATA_VALIDATE_TECH";
"HRO04";"2026/02/04 00:00";"2026/03/05 00:00";"2026/03/23";"Pb";"PM@Pb";"ug/m2*jour";"3.60350371438075";"A";"DATA_VALIDATE_TECH";
"HRO04";"2026/02/04 00:00";"2026/03/05 00:00";"2026/03/23";"Zn";"PM@Zn";"ug/m2*jour";"109.213881805078";"A";"DATA_VALIDATE_TECH";
"HRO04";"2026/03/05 00:00";"2026/04/02 00:00";"2026/04/30";"PM";"PM";"g/m2*jour";"4.20877354156871E-02";"A";"DATA_VALIDATE_TECH";
"HRO04";"2026/03/05 00:00";"2026/04/02 00:00";"2026/04/30";"As";"PM@As";"ug/m2*jour";"0.244028479559026";"A";"DATA_VALIDATE_TECH";
"HRO04";"2026/03/05 00:00";"2026/04/02 00:00";"2026/04/30";"Cd";"PM@Cd";"ug/m2*jour";"6.89021589343133E-02";"A";"DATA_VALIDATE_TECH";
"HRO04";"2026/03/05 00:00";"2026/04/02 00:00";"2026/04/30";"Cr";"PM@Cr";"ug/m2*jour";"16.9384474046853";"A";"DATA_VALIDATE_TECH";
"HRO04";"2026/03/05 00:00";"2026/04/02 00:00";"2026/04/30";"Ni";"PM@Ni";"ug/m2*jour";"2.23932016536518";"A";"DATA_VALIDATE_TECH";
"HRO04";"2026/03/05 00:00";"2026/04/02 00:00";"2026/04/30";"Pb";"PM@Pb";"ug/m2*jour";"2.87092328892972";"A";"DATA_VALIDATE_TECH";
"HRO04";"2026/03/05 00:00";"2026/04/02 00:00";"2026/04/30";"Zn";"PM@Zn";"ug/m2*jour";"49.3798805695912";"A";"DATA_VALIDATE_TECH";
"HRO04";"2026/04/02 00:00";"2026/05/04 00:00";"2026/05/20";"PM";"PM";"g/m2*jour";"9.46794614147854E-02";"A";"DATA_VALIDATE_TECH";
"HRO04";"2026/04/02 00:00";"2026/05/04 00:00";"2026/05/20";"As";"PM@As";"ug/m2*jour";"0.502411575562701";"A";"DATA_VALIDATE_TECH";
"HRO04";"2026/04/02 00:00";"2026/05/04 00:00";"2026/05/20";"Cd";"PM@Cd";"ug/m2*jour";"6.53135048231511E-02";"A";"DATA_VALIDATE_TECH";
"HRO04";"2026/04/02 00:00";"2026/05/04 00:00";"2026/05/20";"Cr";"PM@Cr";"ug/m2*jour";"13.3139067524116";"A";"DATA_VALIDATE_TECH";
"HRO04";"2026/04/02 00:00";"2026/05/04 00:00";"2026/05/20";"Ni";"PM@Ni";"ug/m2*jour";"3.51688102893891";"A";"DATA_VALIDATE_TECH";
"HRO04";"2026/04/02 00:00";"2026/05/04 00:00";"2026/05/20";"Pb";"PM@Pb";"ug/m2*jour";"3.76808681672026";"A";"DATA_VALIDATE_TECH";
"HRO04";"2026/04/02 00:00";"2026/05/04 00:00";"2026/05/20";"Zn";"PM@Zn";"ug/m2*jour";"73.854501607717";"A";"DATA_VALIDATE_TECH";
"HRO04";"2026/05/04 00:00";"2026/06/05 00:00";"2026/06/29";"PM";"PM";"g/m2*jour";"0.067850683279789";"A";"DATA_VALIDATE_TECH";
"HRO04";"2026/05/04 00:00";"2026/06/05 00:00";"2026/06/29";"As";"PM@As";"ug/m2*jour";"0.552652733118971";"A";"DATA_VALIDATE_TECH";
"HRO04";"2026/05/04 00:00";"2026/06/05 00:00";"2026/06/29";"Cd";"PM@Cd";"ug/m2*jour";"5.02411575562701E-02";"A";"DATA_VALIDATE_TECH";
"HRO04";"2026/05/04 00:00";"2026/06/05 00:00";"2026/06/29";"Cr";"PM@Cr";"ug/m2*jour";"14.0675241157556";"A";"DATA_VALIDATE_TECH";
"HRO04";"2026/05/04 00:00";"2026/06/05 00:00";"2026/06/29";"Ni";"PM@Ni";"ug/m2*jour";"2.5120578778135";"A";"DATA_VALIDATE_TECH";
"HRO04";"2026/05/04 00:00";"2026/06/05 00:00";"2026/06/29";"Pb";"PM@Pb";"ug/m2*jour";"3.01446945337621";"A";"DATA_VALIDATE_TECH";
"HRO04";"2026/05/04 00:00";"2026/06/05 00:00";"2026/06/29";"Zn";"PM@Zn";"ug/m2*jour";"64.3086816720257";"A";"DATA_VALIDATE_TECH";
"HRU02";"2026/04/02 00:00";"2026/05/04 00:00";"2026/05/20";"PM";"PM";"g/m2*jour";"0.254170016077097";"A";"DATA_VALIDATE_TECH";
"HRU02";"2026/04/02 00:00";"2026/05/04 00:00";"2026/05/20";"As";"PM@As";"ug/m2*jour";"3.26567524115756";"A";"DATA_VALIDATE_TECH";
"HRU02";"2026/04/02 00:00";"2026/05/04 00:00";"2026/05/20";"Cd";"PM@Cd";"ug/m2*jour";"0.165795819935691";"A";"DATA_VALIDATE_TECH";
"HRU02";"2026/04/02 00:00";"2026/05/04 00:00";"2026/05/20";"Cr";"PM@Cr";"ug/m2*jour";"29.8934887459807";"A";"DATA_VALIDATE_TECH";
"HRU02";"2026/04/02 00:00";"2026/05/04 00:00";"2026/05/20";"Ni";"PM@Ni";"ug/m2*jour";"6.28014469453376";"A";"DATA_VALIDATE_TECH";
"HRU02";"2026/04/02 00:00";"2026/05/04 00:00";"2026/05/20";"Pb";"PM@Pb";"ug/m2*jour";"9.29461414790997";"A";"DATA_VALIDATE_TECH";
"HRU02";"2026/04/02 00:00";"2026/05/04 00:00";"2026/05/20";"Zn";"PM@Zn";"ug/m2*jour";"151.728295819936";"A";"DATA_VALIDATE_TECH";
"HRU02";"2026/05/04 00:00";"2026/06/05 00:00";"2026/06/29";"PM";"PM";"g/m2*jour";"1.26884043408363";"A";"DATA_VALIDATE_TECH";
"HRU02";"2026/05/04 00:00";"2026/06/05 00:00";"2026/06/29";"As";"PM@As";"ug/m2*jour";"19.0916398713826";"A";"DATA_VALIDATE_TECH";
"HRU02";"2026/05/04 00:00";"2026/06/05 00:00";"2026/06/29";"Cd";"PM@Cd";"ug/m2*jour";"0.728496784565916";"A";"DATA_VALIDATE_TECH";
"HRU02";"2026/05/04 00:00";"2026/06/05 00:00";"2026/06/29";"Cr";"PM@Cr";"ug/m2*jour";"73.100884244373";"A";"DATA_VALIDATE_TECH";
"HRU02";"2026/05/04 00:00";"2026/06/05 00:00";"2026/06/29";"Ni";"PM@Ni";"ug/m2*jour";"23.8645498392283";"A";"DATA_VALIDATE_TECH";
"HRU02";"2026/05/04 00:00";"2026/06/05 00:00";"2026/06/29";"Pb";"PM@Pb";"ug/m2*jour";"57.0237138263666";"A";"DATA_VALIDATE_TECH";
"HRU02";"2026/05/04 00:00";"2026/06/05 00:00";"2026/06/29";"Zn";"PM@Zn";"ug/m2*jour";"206.993569131833";"A";"DATA_VALIDATE_TECH";
